Workbook

Sheet wikily_maps
A1: Column1 | B1: aberration | C1: astraeos | D1: crystal-isles | E1: extinction | F1: fjordur | G1: genesis-2 | H1: genesis | I1: lost-island | J1: ragnarok | K1: scorched-earth | L1: the-center | M1: the-island | N1: valguero | O1: Zusammengeführt
A2: Aberrant Achatina | B2: Aberration | F2: Fjordur | O2: Aberration, Fjordur
A3: Aberrant Anglerfish | B3: Aberration | D3: Crystal Isles | N3: Valguero | O3: Aberration, Crystal Isles, Valguero
A4: Aberrant Ankylosaurus | B4: Aberration | O4: Aberration
A5: Aberrant Araneo | B5: Aberration | N5: Valguero | O5: Aberration, Valguero
A6: Aberrant Arthropluera | B6: Aberration | D6: Crystal Isles | F6: Fjordur | I6: Lost Island | O6: Aberration, Crystal Isles, Fjordur, Lost Island
A7: Aberrant Baryonyx | B7: Aberration | D7: Crystal Isles | N7: Valguero | O7: Aberration, Crystal Isles, Valguero
A8: Aberrant Beelzebufo | B8: Aberration | D8: Crystal Isles | N8: Valguero | O8: Aberration, Crystal Isles, Valguero
A9: Aberrant Carbonemys | B9: Aberration | C9: Astraeos | F9: Fjordur | N9: Valguero | O9: Aberration, Astraeos, Fjordur, Valguero
A10: Aberrant Carnotaurus | B10: Aberration | C10: Astraeos | D10: Crystal Isles | F10: Fjordur | I10: Lost Island | N10: Valguero | O10: Aberration, Astraeos, Crystal Isles, Fjordur, Lost Island, Valguero
A11: Aberrant Cnidaria | B11: Aberration | C11: Astraeos | D11: Crystal Isles | O11: Aberration, Astraeos, Crystal Isles
A12: Aberrant Coelacanth | B12: Aberration | C12: Astraeos | D12: Crystal Isles | F12: Fjordur | O12: Aberration, Astraeos, Crystal Isles, Fjordur
A13: Aberrant Dimetrodon | B13: Aberration | D13: Crystal Isles | N13: Valguero | O13: Aberration, Crystal Isles, Valguero
A14: Aberrant Dimorphodon | B14: Aberration | N14: Valguero | O14: Aberration, Valguero
A15: Aberrant Diplocaulus | B15: Aberration | D15: Crystal Isles | N15: Valguero | O15: Aberration, Crystal Isles, Valguero
A16: Aberrant Diplodocus | B16: Aberration | C16: Astraeos | F16: Fjordur | N16: Valguero | O16: Aberration, Astraeos, Fjordur, Valguero
A17: Aberrant Dire Bear | B17: Aberration | C17: Astraeos | F17: Fjordur | N17: Valguero | O17: Aberration, Astraeos, Fjordur, Valguero
A18: Aberrant Dodo | B18: Aberration | C18: Astraeos | F18: Fjordur | J18: Ragnarok | N18: Valguero | O18: Aberration, Astraeos, Fjordur, Ragnarok, Valguero
A19: Aberrant Doedicurus | B19: Aberration | C19: Astraeos | F19: Fjordur | N19: Valguero | O19: Aberration, Astraeos, Fjordur, Valguero
A20: Aberrant Dung Beetle | B20: Aberration | D20: Crystal Isles | F20: Fjordur | O20: Aberration, Crystal Isles, Fjordur
A21: Aberrant Electrophorus | B21: Aberration | C21: Astraeos | D21: Crystal Isles | N21: Valguero | O21: Aberration, Astraeos, Crystal Isles, Valguero
A22: Aberrant Equus | B22: Aberration | C22: Astraeos | F22: Fjordur | N22: Valguero | O22: Aberration, Astraeos, Fjordur, Valguero
A23: Aberrant Fasolasuchus | B23: Aberration | O23: Aberration
A24: Aberrant Gigantopithecus | B24: Aberration | O24: Aberration
A25: Aberrant Gigantoraptor | B25: Aberration | C25: Astraeos | O25: Aberration, Astraeos
A26: Aberrant Iguanodon | B26: Aberration | C26: Astraeos | F26: Fjordur | N26: Valguero | O26: Aberration, Astraeos, Fjordur, Valguero
A27: Aberrant Lystrosaurus | B27: Aberration | C27: Astraeos | F27: Fjordur | N27: Valguero | O27: Aberration, Astraeos, Fjordur, Valguero
A28: Aberrant Manta | B28: Aberration | D28: Crystal Isles | O28: Aberration, Crystal Isles
A29: Aberrant Megalania | B29: Aberration | F29: Fjordur | J29: Ragnarok | O29: Aberration, Fjordur, Ragnarok
A30: Aberrant Megalosaurus | B30: Aberration | D30: Crystal Isles | F30: Fjordur | O30: Aberration, Crystal Isles, Fjordur
A31: Aberrant Meganeura | B31: Aberration | C31: Astraeos | F31: Fjordur | I31: Lost Island | N31: Valguero | O31: Aberration, Astraeos, Fjordur, Lost Island, Valguero
A32: Aberrant Moschops | B32: Aberration | C32: Astraeos | F32: Fjordur | N32: Valguero | O32: Aberration, Astraeos, Fjordur, Valguero
A33: Aberrant Otter | B33: Aberration | C33: Astraeos | D33: Crystal Isles | F33: Fjordur | N33: Valguero | O33: Aberration, Astraeos, Crystal Isles, Fjordur, Valguero
A34: Aberrant Oviraptor | B34: Aberration | C34: Astraeos | O34: Aberration, Astraeos
A35: Aberrant Ovis | B35: Aberration | C35: Astraeos | F35: Fjordur | N35: Valguero | O35: Aberration, Astraeos, Fjordur, Valguero
A36: Aberrant Paraceratherium | B36: Aberration | C36: Astraeos | F36: Fjordur | N36: Valguero | O36: Aberration, Astraeos, Fjordur, Valguero
A37: Aberrant Parasaur | B37: Aberration | C37: Astraeos | F37: Fjordur | N37: Valguero | O37: Aberration, Astraeos, Fjordur, Valguero
A38: Aberrant Piranha | B38: Aberration | C38: Astraeos | D38: Crystal Isles | F38: Fjordur | O38: Aberration, Astraeos, Crystal Isles, Fjordur
A39: Aberrant Pulmonoscorpius | B39: Aberration | C39: Astraeos | D39: Crystal Isles | F39: Fjordur | I39: Lost Island | N39: Valguero | O39: Aberration, Astraeos, Crystal Isles, Fjordur, Lost Island, Valguero
A40: Aberrant Purlovia | B40: Aberration | D40: Crystal Isles | F40: Fjordur | O40: Aberration, Crystal Isles, Fjordur
A41: Aberrant Raptor | B41: Aberration | C41: Astraeos | F41: Fjordur | I41: Lost Island | N41: Valguero | O41: Aberration, Astraeos, Fjordur, Lost Island, Valguero
A42: Aberrant Salmon | B42: Aberration | C42: Astraeos | D42: Crystal Isles | F42: Fjordur | N42: Valguero | O42: Aberration, Astraeos, Crystal Isles, Fjordur, Valguero
A43: Aberrant Sarco | B43: Aberration | C43: Astraeos | D43: Crystal Isles | F43: Fjordur | N43: Valguero | O43: Aberration, Astraeos, Crystal Isles, Fjordur, Valguero
A44: Aberrant Spino | B44: Aberration | D44: Crystal Isles | F44: Fjordur | N44: Valguero | O44: Aberration, Crystal Isles, Fjordur, Valguero
A45: Aberrant Stegosaurus | B45: Aberration | C45: Astraeos | F45: Fjordur | N45: Valguero | O45: Aberration, Astraeos, Fjordur, Valguero
A46: Aberrant Titanoboa | B46: Aberration | F46: Fjordur | N46: Valguero | O46: Aberration, Fjordur, Valguero
A47: Aberrant Triceratops | B47: Aberration | C47: Astraeos | F47: Fjordur | N47: Valguero | O47: Aberration, Astraeos, Fjordur, Valguero
A48: Aberrant Trilobite | B48: Aberration | D48: Crystal Isles | N48: Valguero | O48: Aberration, Crystal Isles, Valguero
A49: Achatina | C49: Astraeos | D49: Crystal Isles | E49: Extinction | F49: Fjordur | G49: Genesis 2 | I49: Lost Island | J49: Ragnarok | K49: Scorched Earth | L49: The Center | M49: The Island | N49: Valguero | O49: Astraeos, Crystal Isles, Extinction, Fjordur, Genesis 2, Lost Island, Ragnarok, Scorched Earth, The Center, The Island, Valguero
A50: Allosaurus | C50: Astraeos | D50: Crystal Isles | E50: Extinction | F50: Fjordur | G50: Genesis 2 | I50: Lost Island | J50: Ragnarok | L50: The Center | M50: The Island | N50: Valguero | O50: Astraeos, Crystal Isles, Extinction, Fjordur, Genesis 2, Lost Island, Ragnarok, The Center, The Island, Valguero
A51: Allosaurus | L51: The Center | M51: The Island | O51: The Center, The Island
A52: Alpha Leedsichthys | M52: The Island | O52: The Island
A53: Alpha Megalodon | M53: The Island | O53: The Island
A54: Alpha Mosasaur | M54: The Island | O54: The Island
A55: Alpha Tusoteuthis | M55: The Island | O55: The Island
A56: Amargasaurus | I56: Lost Island | O56: Lost Island
A57: Ammonite | C57: Astraeos | D57: Crystal Isles | F57: Fjordur | G57: Genesis 2 | H57: Genesis | I57: Lost Island | J57: Ragnarok | L57: The Center | M57: The Island | N57: Valguero | O57: Astraeos, Crystal Isles, Fjordur, Genesis 2, Genesis, Lost Island, Ragnarok, The Center, The Island, Valguero
A58: Andrewsarchus | F58: Fjordur | O58: Fjordur
A59: Anglerfish | C59: Astraeos | D59: Crystal Isles | F59: Fjordur | G59: Genesis 2 | H59: Genesis | I59: Lost Island | J59: Ragnarok | L59: The Center | M59: The Island | N59: Valguero | O59: Astraeos, Crystal Isles, Fjordur, Genesis 2, Genesis, Lost Island, Ragnarok, The Center, The Island, Valguero
A60: Ankylosaurus | C60: Astraeos | D60: Crystal Isles | E60: Extinction | F60: Fjordur | G60: Genesis 2 | H60: Genesis | I60: Lost Island | J60: Ragnarok | K60: Scorched Earth | L60: The Center | M60: The Island | N60: Valguero | O60: Astraeos, Crystal Isles, Extinction, Fjordur, Genesis 2, Genesis, Lost Island, Ragnarok, Scorched Earth, The Center, The Island, Valguero
A61: Araneo | C61: Astraeos | D61: Crystal Isles | E61: Extinction | F61: Fjordur | G61: Genesis 2 | H61: Genesis | I61: Lost Island | J61: Ragnarok | K61: Scorched Earth | L61: The Center | M61: The Island | N61: Valguero | O61: Astraeos, Crystal Isles, Extinction, Fjordur, Genesis 2, Genesis, Lost Island, Ragnarok, Scorched Earth, The Center, The Island, Valguero
A62: Archaeopteryx | D62: Crystal Isles | E62: Extinction | F62: Fjordur | H62: Genesis | I62: Lost Island | J62: Ragnarok | K62: Scorched Earth | L62: The Center | M62: The Island | N62: Valguero | O62: Crystal Isles, Extinction, Fjordur, Genesis, Lost Island, Ragnarok, Scorched Earth, The Center, The Island, Valguero
A63: Archelon | C63: Astraeos | J63: Ragnarok | L63: The Center | M63: The Island | N63: Valguero | O63: Astraeos, Ragnarok, The Center, The Island, Valguero
A64: Argentavis | C64: Astraeos | D64: Crystal Isles | E64: Extinction | F64: Fjordur | G64: Genesis 2 | H64: Genesis | I64: Lost Island | J64: Ragnarok | K64: Scorched Earth | L64: The Center | M64: The Island | N64: Valguero | O64: Astraeos, Crystal Isles, Extinction, Fjordur, Genesis 2, Genesis, Lost Island, Ragnarok, Scorched Earth, The Center, The Island, Valguero
A65: Armadoggo | E65: Extinction | O65: Extinction
A66: Arthropluera | C66: Astraeos | D66: Crystal Isles | E66: Extinction | F66: Fjordur | G66: Genesis 2 | H66: Genesis | I66: Lost Island | J66: Ragnarok | K66: Scorched Earth | L66: The Center | M66: The Island | N66: Valguero | O66: Astraeos, Crystal Isles, Extinction, Fjordur, Genesis 2, Genesis, Lost Island, Ragnarok, Scorched Earth, The Center, The Island, Valguero
A67: Astrocetus | G67: Genesis 2 | H67: Genesis | O67: Genesis 2, Genesis
A68: Astrodelphis | G68: Genesis 2 | O68: Genesis 2
A69: Attack Drone | H69: Genesis | O69: Genesis
A70: Autumn Drakeling | J70: Ragnarok | N70: Valguero | O70: Ragnarok, Valguero
A71: Baryonyx | C71: Astraeos | D71: Crystal Isles | E71: Extinction | F71: Fjordur | G71: Genesis 2 | H71: Genesis | I71: Lost Island | J71: Ragnarok | L71: The Center | M71: The Island | N71: Valguero | O71: Astraeos, Crystal Isles, Extinction, Fjordur, Genesis 2, Genesis, Lost Island, Ragnarok, The Center, The Island, Valguero
A72: Basilisk | B72: Aberration | D72: Crystal Isles | F72: Fjordur | G72: Genesis 2 | H72: Genesis | I72: Lost Island | N72: Valguero | O72: Aberration, Crystal Isles, Fjordur, Genesis 2, Genesis, Lost Island, Valguero
A73: Basilosaurus | D73: Crystal Isles | F73: Fjordur | G73: Genesis 2 | I73: Lost Island | J73: Ragnarok | L73: The Center | M73: The Island | N73: Valguero | O73: Crystal Isles, Fjordur, Genesis 2, Lost Island, Ragnarok, The Center, The Island, Valguero
A74: Beelzebufo | C74: Astraeos | D74: Crystal Isles | E74: Extinction | F74: Fjordur | G74: Genesis 2 | H74: Genesis | I74: Lost Island | J74: Ragnarok | L74: The Center | M74: The Island | N74: Valguero | O74: Astraeos, Crystal Isles, Extinction, Fjordur, Genesis 2, Genesis, Lost Island, Ragnarok, The Center, The Island, Valguero
A75: Bison | J75: Ragnarok | N75: Valguero | O75: Ragnarok, Valguero
A76: Blood Crystal Wyvern | D76: Crystal Isles | O76: Crystal Isles
A77: Bloodstalker | G77: Genesis 2 | H77: Genesis | O77: Genesis 2, Genesis
A78: Bronto | L78: The Center | O78: The Center
A79: Brontosaurus | C79: Astraeos | D79: Crystal Isles | E79: Extinction | F79: Fjordur | G79: Genesis 2 | H79: Genesis | I79: Lost Island | J79: Ragnarok | L79: The Center | M79: The Island | N79: Valguero | O79: Astraeos, Crystal Isles, Extinction, Fjordur, Genesis 2, Genesis, Lost Island, Ragnarok, The Center, The Island, Valguero
A80: Broodmother Lysrix | N80: Valguero | O80: Valguero
A81: Bulbdog | B81: Aberration | C81: Astraeos | F81: Fjordur | G81: Genesis 2 | H81: Genesis | N81: Valguero | O81: Aberration, Astraeos, Fjordur, Genesis 2, Genesis, Valguero
A82: Bunny Oviraptor | L82: The Center | M82: The Island | O82: The Center, The Island
A83: Carbonemys | C83: Astraeos | D83: Crystal Isles | E83: Extinction | F83: Fjordur | G83: Genesis 2 | H83: Genesis | I83: Lost Island | J83: Ragnarok | L83: The Center | M83: The Island | N83: Valguero | O83: Astraeos, Crystal Isles, Extinction, Fjordur, Genesis 2, Genesis, Lost Island, Ragnarok, The Center, The Island, Valguero
A84: Carcharodontosaurus | C84: Astraeos | E84: Extinction | J84: Ragnarok | K84: Scorched Earth | L84: The Center | M84: The Island | N84: Valguero | O84: Astraeos, Extinction, Ragnarok, Scorched Earth, The Center, The Island, Valguero
A85: Carnotaurus | C85: Astraeos | D85: Crystal Isles | E85: Extinction | F85: Fjordur | G85: Genesis 2 | H85: Genesis | I85: Lost Island | J85: Ragnarok | K85: Scorched Earth | L85: The Center | M85: The Island | N85: Valguero | O85: Astraeos, Crystal Isles, Extinction, Fjordur, Genesis 2, Genesis, Lost Island, Ragnarok, Scorched Earth, The Center, The Island, Valguero
A86: Castoroides | C86: Astraeos | D86: Crystal Isles | E86: Extinction | F86: Fjordur | G86: Genesis 2 | H86: Genesis | I86: Lost Island | J86: Ragnarok | L86: The Center | M86: The Island | N86: Valguero | O86: Astraeos, Crystal Isles, Extinction, Fjordur, Genesis 2, Genesis, Lost Island, Ragnarok, The Center, The Island, Valguero
A87: Cat | C87: Astraeos | J87: Ragnarok | N87: Valguero | O87: Astraeos, Ragnarok, Valguero
A88: Cave Minotaur | C88: Astraeos | O88: Astraeos
A89: Ceratosaurus | C89: Astraeos | E89: Extinction | J89: Ragnarok | K89: Scorched Earth | L89: The Center | M89: The Island | N89: Valguero | O89: Astraeos, Extinction, Ragnarok, Scorched Earth, The Center, The Island, Valguero
A90: Chalicotherium | C90: Astraeos | D90: Crystal Isles | E90: Extinction | F90: Fjordur | G90: Genesis 2 | H90: Genesis | I90: Lost Island | J90: Ragnarok | L90: The Center | M90: The Island | N90: Valguero | O90: Astraeos, Crystal Isles, Extinction, Fjordur, Genesis 2, Genesis, Lost Island, Ragnarok, The Center, The Island, Valguero
A91: Chalk Elemental | N91: Valguero | O91: Valguero
A92: Cnidaria | C92: Astraeos | D92: Crystal Isles | F92: Fjordur | G92: Genesis 2 | H92: Genesis | I92: Lost Island | J92: Ragnarok | L92: The Center | M92: The Island | N92: Valguero | O92: Astraeos, Crystal Isles, Fjordur, Genesis 2, Genesis, Lost Island, Ragnarok, The Center, The Island, Valguero
A93: Coelacanth | C93: Astraeos | D93: Crystal Isles | E93: Extinction | F93: Fjordur | G93: Genesis 2 | H93: Genesis | I93: Lost Island | J93: Ragnarok | K93: Scorched Earth | L93: The Center | M93: The Island | N93: Valguero | O93: Astraeos, Crystal Isles, Extinction, Fjordur, Genesis 2, Genesis, Lost Island, Ragnarok, Scorched Earth, The Center, The Island, Valguero
A94: Compy | C94: Astraeos | D94: Crystal Isles | E94: Extinction | F94: Fjordur | G94: Genesis 2 | I94: Lost Island | J94: Ragnarok | L94: The Center | M94: The Island | N94: Valguero | O94: Astraeos, Crystal Isles, Extinction, Fjordur, Genesis 2, Lost Island, Ragnarok, The Center, The Island, Valguero
A95: Corrupted Arthropluera | C95: Astraeos | E95: Extinction | O95: Astraeos, Extinction
A96: Corrupted Carnotaurus | C96: Astraeos | E96: Extinction | O96: Astraeos, Extinction
A97: Corrupted Chalicotherium | C97: Astraeos | E97: Extinction | O97: Astraeos, Extinction
A98: Corrupted Dilophosaur | C98: Astraeos | E98: Extinction | O98: Astraeos, Extinction
A99: Corrupted Giganotosaurus | E99: Extinction | O99: Extinction
A100: Corrupted Paraceratherium | C100: Astraeos | E100: Extinction | O100: Astraeos, Extinction
...

Sheet Tabelle2
A1: Creature | B1: Varianten | C1: Boss | D1: Maps | E1: Health | F1: Health | G1: Health | H1: Stamina | I1: Stamina | J1: Stamina | K1: Oxygen | L1: Oxygen | M1: Oxygen | N1: Food | O1: Food | P1: Food | Q1: Weight | R1: Weight | S1: Weight | T1: Melee Damage | U1: Melee Damage | V1: Melee Damage | W1: Movement Speed | X1: Movement Speed | Y1: Torpidity | Z1: Torpidity
E2: Base | F2: +Wild | G2: +Tame | H2: Base | I2: +Wild | J2: +Tame | K2: Base | L2: +Wild | M2: +Tame | N2: Base | O2: +Wild | P2: +Tame | Q2: Base | R2: +Wild | S2: +Tame | T2: Base | U2: +Wild | V2: +Tame | W2: Base | X2: +Tame | Y2: Base | Z2: +Wild | AB2: Level 1 | AC2: Level 150
A3: Achatina | D3: =VLOOKUP(TRIM(A3),wikily_maps!A:O,15,FALSE) -> Astraeos, Crystal Isles, Extinction, Fjordur, Genesis 2, Lost Island, Ragnarok, Scorched Earth, The Center, The Island, Valguero | E3: 75 | F3: 15 | G3: 5.4 | H3: 100 | I3: 10 | J3: 10 | K3: 0 | L3: 0 | M3: 0 | N3: 450 | O3: 45 | P3: 10 | Q3: 150 | R3: 3 | S3: 4 | T3: 1 | U3: 0.05 | V3: 1.7 | W3: 100 | X3: 1 | Y3: 50 | Z3: 3 | AB3: =$N3+($O3*1) -> 495 | AC3: =$N3+($O3*150) -> 7200
A4: Allosaurus | D4: =VLOOKUP(TRIM(A4),wikily_maps!A:O,15,FALSE) -> Astraeos, Crystal Isles, Extinction, Fjordur, Genesis 2, Lost Island, Ragnarok, The Center, The Island, Valguero | E4: 630 | F4: 126 | G4: 5.4 | H4: 250 | I4: 25 | J4: 10 | K4: 150 | L4: 15 | M4: 10 | N4: 3000 | O4: 300 | P4: 10 | Q4: 380 | R4: 7.6 | S4: 4 | T4: 35 | U4: 1.75 | V4: 1.7 | W4: 100 | X4: 1 | Y4: 1000 | Z4: 60
A5: Amargasaurus | D5: =VLOOKUP(TRIM(A5),wikily_maps!A:O,15,FALSE) -> Lost Island | E5: 1250 | F5: 250 | G5: 5.4 | H5: 425 | I5: 42.5 | J5: 10 | K5: 300 | L5: 30 | M5: 10 | N5: 6300 | O5: 630 | P5: 10 | Q5: 475 | R5: 9.5 | S5: 4 | T5: 40 | U5: 2 | V5: 1.7 | W5: 100 | X5: 1 | Y5: 2250 | Z5: 135
A6: Ammonite | D6: =VLOOKUP(TRIM(A6),wikily_maps!A:O,15,FALSE) -> Astraeos, Crystal Isles, Fjordur, Genesis 2, Genesis, Lost Island, Ragnarok, The Center, The Island, Valguero | E6: 165 | F6: 33 | G6: 5.4 | H6: 100 | I6: 10 | J6: 10 | K6: 0 | L6: 0 | M6: 0 | N6: 450 | O6: 45 | P6: 10 | Q6: 150 | R6: 3 | S6: 4 | T6: 10 | U6: 0.5 | V6: 1.7 | W6: 100 | X6: 0 | Y6: 50 | Z6: 3
A7: Andrewsarchus | D7: =VLOOKUP(TRIM(A7),wikily_maps!A:O,15,FALSE) -> Fjordur | E7: 800 | F7: 160 | G7: 5.4 | H7: 400 | I7: 40 | J7: 10 | K7: 650 | L7: 65 | M7: 10 | N7: 2174 | O7: 217.4 | P7: 10 | Q7: 500 | R7: 10 | S7: 4 | T7: 41 | U7: 2.05 | V7: 1.7 | W7: 100 | X7: 0.5 | Y7: 800 | Z7: 48
A8: Anglerfish | D8: =VLOOKUP(TRIM(A8),wikily_maps!A:O,15,FALSE) -> Astraeos, Crystal Isles, Fjordur, Genesis 2, Genesis, Lost Island, Ragnarok, The Center, The Island, Valguero | E8: 450 | F8: 90 | G8: 5.4 | H8: 240 | I8: 24 | J8: 10 | K8: 150 | L8: 15 | M8: 0 | N8: 1500 | O8: 150 | P8: 10 | Q8: 350 | R8: 7 | S8: 4 | T8: 30 | U8: 1.5 | V8: 1.7 | W8: 100 | X8: 1 | Y8: 900 | Z8: 54
A9: Ankylosaurus | D9: =VLOOKUP(TRIM(A9),wikily_maps!A:O,15,FALSE) -> Astraeos, Crystal Isles, Extinction, Fjordur, Genesis 2, Genesis, Lost Island, Ragnarok, Scorched Earth, The Center, The Island, Valguero | E9: 700 | F9: 140 | G9: 5.4 | H9: 175 | I9: 17.5 | J9: 10 | K9: 150 | L9: 15 | M9: 10 | N9: 3000 | O9: 300 | P9: 10 | Q9: 250 | R9: 5 | S9: 4 | T9: 50 | U9: 2.5 | V9: 1.7 | W9: 100 | X9: 2 | Y9: 420 | Z9: 25.2
A10: Araneo | D10: =VLOOKUP(TRIM(A10),wikily_maps!A:O,15,FALSE) -> Astraeos, Crystal Isles, Extinction, Fjordur, Genesis 2, Genesis, Lost Island, Ragnarok, Scorched Earth, The Center, The Island, Valguero | E10: 150 | F10: 30 | G10: 2.7 | H10: 100 | I10: 10 | J10: 10 | K10: 150 | L10: 15 | M10: 10 | N10: 900 | O10: 90 | P10: 10 | Q10: 100 | R10: 2 | S10: 8 | T10: 10 | U10: 0.5 | V10: 1.7 | W10: 100 | X10: 1 | Y10: 80 | Z10: 4.8
A11: Archaeopteryx | D11: =VLOOKUP(TRIM(A11),wikily_maps!A:O,15,FALSE) -> Crystal Isles, Extinction, Fjordur, Genesis, Lost Island, Ragnarok, Scorched Earth, The Center, The Island, Valguero | E11: 125 | F11: 25 | G11: 5.4 | H11: 150 | I11: 15 | J11: 10 | K11: 150 | L11: 15 | M11: 10 | N11: 900 | O11: 90 | P11: 10 | Q11: 30 | R11: 0.6 | S11: 4 | T11: 5 | U11: 0.25 | V11: 1.7 | W11: 100 | X11: 1 | Y11: 100 | Z11: 6
A12: Archelon | D12: =VLOOKUP(TRIM(A12),wikily_maps!A:O,15,FALSE) -> Astraeos, Ragnarok, The Center, The Island, Valguero | E12: 1400 | F12: 280 | G12: 2.5 | H12: 775 | I12: 77.5 | J12: 10 | K12: 0 | L12: 0 | M12: 0 | N12: 3500 | O12: 350 | P12: 10 | Q12: 1000 | R12: 20 | S12: 4 | T12: 28 | U12: 1.4 | V12: 1.7 | W12: 100 | X12: 2 | Y12: 2000 | Z12: 120
A13: Argentavis | D13: =VLOOKUP(TRIM(A13),wikily_maps!A:O,15,FALSE) -> Astraeos, Crystal Isles, Extinction, Fjordur, Genesis 2, Genesis, Lost Island, Ragnarok, Scorched Earth, The Center, The Island, Valguero | E13: 365 | F13: 73 | G13: 6 | H13: 400 | I13: 20 | J13: 7.5 | K13: 150 | L13: 15 | M13: 10 | N13: 2000 | O13: 200 | P13: 10 | Q13: 400 | R13: 8 | S13: 5.5 | T13: 25 | U13: 1.25 | V13: 2.55 | W13: 100 | X13: 0 | Y13: 600 | Z13: 36
A14: Armadoggo | D14: =VLOOKUP(TRIM(A14),wikily_maps!A:O,15,FALSE) -> Extinction | E14: 200 | F14: 40 | G14: 5.4 | H14: 260 | I14: 26 | J14: 10 | K14: 150 | L14: 15 | M14: 10 | N14: 1200 | O14: 120 | P14: 10 | Q14: 200 | R14: 4 | S14: 4 | T14: 15 | U14: 0.75 | V14: 1.7 | W14: 100 | X14: 2.5 | Y14: 450 | Z14: 27
A15: Arthropluera | D15: =VLOOKUP(TRIM(A15),wikily_maps!A:O,15,FALSE) -> Astraeos, Crystal Isles, Extinction, Fjordur, Genesis 2, Genesis, Lost Island, Ragnarok, Scorched Earth, The Center, The Island, Valguero | E15: 500 | F15: 100 | G15: 5.4 | H15: 200 | I15: 20 | J15: 10 | K15: 0 | L15: 0 | M15: 0 | N15: 1200 | O15: 120 | P15: 10 | Q15: 100 | R15: 2 | S15: 4 | T15: 18 | U15: 0.9 | V15: 1.7 | W15: 100 | X15: 1 | Y15: 175 | Z15: 10.5
... A17: Astrodelphis | D17: =VLOOKUP(TRIM(A17),wikily_maps!A:O,15,FALSE) -> Genesis 2 | E17: 325 | F17: 65 | G17: 5.4 | H17: 250 | I17: 12.5 | J17: 6 | K17: 150 | L17: 15 | M17: 10 | N17: 1600 | O17: 160 | P17: 10 | Q17: 280 | R17: 5.6 | S17: 4 | T17: 24 | U17: 1.2 | V17: 1.7 | W17: 100 | X17: 1 | Y17: 450 | Z17: 27
A18: Attack Drone | B18: Gamma | C18: Overseer Gamma | D18: The Island | E18: 145.8 | F18: 0 | G18: 0 | H18: 250 | I18: 0 | J18: 0 | K18: 150 | L18: 0 | M18: 0 | N18: 1600 | O18: 0 | P18: 0 | Q18: 280 | R18: 0 | S18: 0 | T18: 280 | U18: 0 | V18: 0 | W18: 100 | X18: 0 | Y18: 450 | Z18: 0
A19: Attack Drone | B19: Beta | C19: Overseer Beta | D19: The Island | E19: 585 | F19: 0 | G19: 0 | H19: 250 | I19: 0 | J19: 0 | K19: 150 | L19: 0 | M19: 0 | N19: 1600 | O19: 0 | P19: 0 | Q19: 280 | R19: 0 | S19: 0 | T19: 280 | U19: 0 | V19: 0 | W19: 100 | X19: 0 | Y19: 450 | Z19: 0
A20: Attack Drone | B20: Alpha | C20: Overseer Alpha | D20: The Island | E20: 877.5 | F20: 0 | G20: 0 | H20: 250 | I20: 0 | J20: 0 | K20: 150 | L20: 0 | M20: 0 | N20: 1600 | O20: 0 | P20: 0 | Q20: 280 | R20: 0 | S20: 0 | T20: 280 | U20: 0 | V20: 0 | W20: 100 | X20: 0 | Y20: 450 | Z20: 0
A21: Attack Drone | B21: Gamma | C21: Overseer Gamma | D21: The Island | E21: 145.8 | F21: 0 | G21: 0 | H21: 250 | I21: 0 | J21: 0 | K21: 150 | L21: 0 | M21: 0 | N21: 1600 | O21: 0 | P21: 0 | Q21: 280 | R21: 0 | S21: 0 | T21: 280 | U21: 0 | V21: 0 | W21: 100 | X21: 0 | Y21: 450 | Z21: 0
A22: Attack Drone | B22: Beta | C22: Overseer Beta | D22: The Island | E22: 585 | F22: 0 | G22: 0 | H22: 250 | I22: 0 | J22: 0 | K22: 150 | L22: 0 | M22: 0 | N22: 1600 | O22: 0 | P22: 0 | Q22: 280 | R22: 0 | S22: 0 | T22: 280 | U22: 0 | V22: 0 | W22: 100 | X22: 0 | Y22: 450 | Z22: 0
A23: Attack Drone | B23: Alpha | C23: Overseer Alpha | D23: The Island | E23: 877.5 | F23: 0 | G23: 0 | H23: 250 | I23: 0 | J23: 0 | K23: 150 | L23: 0 | M23: 0 | N23: 1600 | O23: 0 | P23: 0 | Q23: 280 | R23: 0 | S23: 0 | T23: 280 | U23: 0 | V23: 0 | W23: 100 | X23: 0 | Y23: 450 | Z23: 0
A24: Attack Drone | B24: Gamma | C24: Overseer Gamma | D24: The Island | E24: 145.8 | F24: 0 | G24: 0 | H24: 250 | I24: 0 | J24: 0 | K24: 150 | L24: 0 | M24: 0 | N24: 1600 | O24: 0 | P24: 0 | Q24: 280 | R24: 0 | S24: 0 | T24: 280 | U24: 0 | V24: 0 | W24: 100 | X24: 0 | Y24: 450 | Z24: 0
A25: Attack Drone | B25: Beta | C25: Overseer Beta | D25: The Island | E25: 585 | F25: 0 | G25: 0 | H25: 250 | I25: 0 | J25: 0 | K25: 150 | L25: 0 | M25: 0 | N25: 1600 | O25: 0 | P25: 0 | Q25: 280 | R25: 0 | S25: 0 | T25: 280 | U25: 0 | V25: 0 | W25: 100 | X25: 0 | Y25: 450 | Z25: 0
A26: Attack Drone | B26: Alpha | C26: Overseer Alpha | D26: The Island | E26: 877.5 | F26: 0 | G26: 0 | H26: 250 | I26: 0 | J26: 0 | K26: 150 | L26: 0 | M26: 0 | N26: 1600 | O26: 0 | P26: 0 | Q26: 280 | R26: 0 | S26: 0 | T26: 280 | U26: 0 | V26: 0 | W26: 100 | X26: 0 | Y26: 450 | Z26: 0
A27: Attack Drone | B27: Gamma | C27: Overseer Gamma | D27: The Island | E27: 145.8 | F27: 0 | G27: 0 | H27: 250 | I27: 0 | J27: 0 | K27: 150 | L27: 0 | M27: 0 | N27: 1600 | O27: 0 | P27: 0 | Q27: 280 | R27: 0 | S27: 0 | T27: 280 | U27: 0 | V27: 0 | W27: 100 | X27: 0 | Y27: 450 | Z27: 0
A28: Attack Drone | B28: Beta | C28: Overseer Beta | D28: The Island | E28: 585 | F28: 0 | G28: 0 | H28: 250 | I28: 0 | J28: 0 | K28: 150 | L28: 0 | M28: 0 | N28: 1600 | O28: 0 | P28: 0 | Q28: 280 | R28: 0 | S28: 0 | T28: 280 | U28: 0 | V28: 0 | W28: 100 | X28: 0 | Y28: 450 | Z28: 0
A29: Attack Drone | B29: Alpha | C29: Overseer Alpha | D29: The Island | E29: 877.5 | F29: 0 | G29: 0 | H29: 250 | I29: 0 | J29: 0 | K29: 150 | L29: 0 | M29: 0 | N29: 1600 | O29: 0 | P29: 0 | Q29: 280 | R29: 0 | S29: 0 | T29: 280 | U29: 0 | V29: 0 | W29: 100 | X29: 0 | Y29: 450 | Z29: 0
... A32: Attack Drone | B32: Alpha | C32: Overseer Alpha | D32: The Island | E32: 877.5 | F32: 0 | G32: 0 | H32: 250 | I32: 0 | J32: 0 | K32: 150 | L32: 0 | M32: 0 | N32: 1600 | O32: 0 | P32: 0 | Q32: 280 | R32: 0 | S32: 0 | T32: 280 | U32: 0 | V32: 0 | W32: 100 | X32: 0 | Y32: 450 | Z32: 0
A33: Baryonyx | D33: =VLOOKUP(TRIM(A33),wikily_maps!A:O,15,FALSE) -> Astraeos, Crystal Isles, Extinction, Fjordur, Genesis 2, Genesis, Lost Island, Ragnarok, The Center, The Island, Valguero | E33: 440 | F33: 88 | G33: 5.4 | H33: 325 | I33: 32.5 | J33: 10 | K33: 225 | L33: 22.5 | M33: 0 | N33: 2250 | O33: 225 | P33: 10 | Q33: 325 | R33: 6.5 | S33: 4 | T33: 35 | U33: 1.75 | V33: 1.7 | W33: 100 | X33: 1 | Y33: 400 | Z33: 24
A34: Basilisk | D34: =VLOOKUP(TRIM(A34),wikily_maps!A:O,15,FALSE) -> Aberration, Crystal Isles, Fjordur, Genesis 2, Genesis, Lost Island, Valguero | E34: 2750 | F34: 550 | G34: 5.4 | H34: 650 | I34: 65 | J34: 10 | K34: 0 | L34: 0 | M34: 0 | N34: 2500 | O34: 250 | P34: 10 | Q34: 800 | R34: 16 | S34: 4 | T34: 44 | U34: 2.2 | V34: 1.7 | W34: 100 | X34: 1 | Y34: 175 | Z34: 10.5
A35: Basilosaurus | D35: =VLOOKUP(TRIM(A35),wikily_maps!A:O,15,FALSE) -> Crystal Isles, Fjordur, Genesis 2, Lost Island, Ragnarok, The Center, The Island, Valguero | E35: 2400 | F35: 480 | G35: 4.86 | H35: 300 | I35: 30 | J35: 10 | K35: 150 | L35: 15 | M35: 0 | N35: 8000 | O35: 800 | P35: 10 | Q35: 700 | R35: 14 | S35: 4 | T35: 47 | U35: 2.35 | V35: 1.7 | W35: 100 | X35: 1 | Y35: 2000 | Z35: 120
A36: Beelzebufo | D36: =VLOOKUP(TRIM(A36),wikily_maps!A:O,15,FALSE) -> Astraeos, Crystal Isles, Extinction, Fjordur, Genesis 2, Genesis, Lost Island, Ragnarok, The Center, The Island, Valguero | E36: 220 | F36: 44 | G36: 5.4 | H36: 190 | I36: 19 | J36: 10 | K36: 150 | L36: 15 | M36: 0 | N36: 1500 | O36: 150 | P36: 10 | Q36: 160 | R36: 3.2 | S36: 4 | T36: 12 | U36: 0.6 | V36: 1.7 | W36: 100 | X36: 2 | Y36: 200 | Z36: 12
A37: Beyla | B37: Boss | C37: Beyla | D37: Fjordur | E37: 175000 | F37: 0 | G37: 0 | H37: 1250 | I37: 0 | J37: 0 | K37: 300 | L37: 0 | M37: 0 | N37: 1500 | O37: 0 | P37: 0 | Q37: 400 | R37: 0 | S37: 0 | T37: 150 | U37: 0 | V37: 0 | W37: 100 | X37: 0 | Y37: 1500 | Z37: 0
A38: Bison | D38: =VLOOKUP(TRIM(A38),wikily_maps!A:O,15,FALSE) -> Ragnarok, Valguero | E38: 800 | F38: 160 | G38: 5.4 | H38: 500 | I38: 50 | J38: 10 | K38: 150 | L38: 15 | M38: 10 | N38: 3250 | O38: 325 | P38: 10 | Q38: 650 | R38: 13 | S38: 4 | T38: 30 | U38: 1.5 | V38: 1.7 | W38: 100 | X38: 1 | Y38: 500 | Z38: 30
A39: Bloodstalker | D39: =VLOOKUP(TRIM(A39),wikily_maps!A:O,15,FALSE) -> Genesis 2, Genesis | E39: 450 | F39: 90 | G39: 5.4 | H39: 600 | I39: 60 | J39: 10 | K39: 150 | L39: 15 | M39: 10 | N39: 1200 | O39: 120 | P39: 10 | Q39: 350 | R39: 7 | S39: 4 | T39: 26 | U39: 1.3 | V39: 1.7 | W39: 100 | X39: 1.5 | Y39: 180 | Z39: 10.8
A40: Brontosaurus | D40: =VLOOKUP(TRIM(A40),wikily_maps!A:O,15,FALSE) -> Astraeos, Crystal Isles, Extinction, Fjordur, Genesis 2, Genesis, Lost Island, Ragnarok, The Center, The Island, Valguero | E40: 2277 | F40: 455.4 | G40: 2.5 | H40: 240 | I40: 24 | J40: 10 | K40: 150 | L40: 15 | M40: 10 | N40: 10000 | O40: 1000 | P40: 10 | Q40: 1600 | R40: 32 | S40: 4 | T40: 60 | U40: 3 | V40: 1.7 | W40: 100 | X40: 2 | Y40: 2000 | Z40: 120
A41: Broodmother Lysrix | B41: Gamma | C41: Broodmother Gamma | D41: The Island | E41: 324000 | F41: 0 | G41: 0 | H41: 150 | I41: 0 | J41: 0 | K41: 0 | L41: 0 | M41: 0 | N41: 1500 | O41: 0 | P41: 0 | Q41: 4000 | R41: 0 | S41: 0 | T41: 180 | U41: 0 | V41: 0 | W41: 100 | X41: 0 | Y41: 100000 | Z41: 0
A42: Broodmother Lysrix | B42: Gamma | C42: The Center Gamma | D42: The Center | E42: 356400 | F42: 0 | G42: 0 | H42: 150 | I42: 0 | J42: 0 | K42: 0 | L42: 0 | M42: 0 | N42: 1500 | O42: 0 | P42: 0 | Q42: 4000 | R42: 0 | S42: 0 | T42: 210 | U42: 0 | V42: 0 | W42: 100 | X42: 0 | Y42: 100000 | Z42: 0
A43: Broodmother Lysrix | B43: Beta | C43: The Center Beta | D43: The Center | E43: 421200 | F43: 0 | G43: 0 | H43: 150 | I43: 0 | J43: 0 | K43: 0 | L43: 0 | M43: 0 | N43: 1500 | O43: 0 | P43: 0 | Q43: 4000 | R43: 0 | S43: 0 | T43: 280 | U43: 0 | V43: 0 | W43: 100 | X43: 0 | Y43: 100000 | Z43: 0
A44: Broodmother Lysrix | B44: Alpha | C44: The Center Alpha | D44: The Center | E44: 486000 | F44: 0 | G44: 0 | H44: 150 | I44: 0 | J44: 0 | K44: 0 | L44: 0 | M44: 0 | N44: 1500 | O44: 0 | P44: 0 | Q44: 4000 | R44: 0 | S44: 0 | T44: 700 | U44: 0 | V44: 0 | W44: 100 | X44: 0 | Y44: 100000 | Z44: 0
A45: Broodmother Lysrix | B45: Beta | C45: Broodmother Beta | D45: The Island | E45: 648000 | F45: 0 | G45: 0 | H45: 150 | I45: 0 | J45: 0 | K45: 0 | L45: 0 | M45: 0 | N45: 1500 | O45: 0 | P45: 0 | Q45: 4000 | R45: 0 | S45: 0 | T45: 320 | U45: 0 | V45: 0 | W45: 100 | X45: 0 | Y45: 100000 | Z45: 0
A46: Broodmother Lysrix | B46: Alpha | C46: Broodmother Alpha | D46: The Island | E46: 972000 | F46: 0 | G46: 0 | H46: 150 | I46: 0 | J46: 0 | K46: 0 | L46: 0 | M46: 0 | N46: 1500 | O46: 0 | P46: 0 | Q46: 4000 | R46: 0 | S46: 0 | T46: 540 | U46: 0 | V46: 0 | W46: 100 | X46: 0 | Y46: 100000 | Z46: 0
A47: Bulbdog | D47: =VLOOKUP(TRIM(A47),wikily_maps!A:O,15,FALSE) -> Aberration, Astraeos, Fjordur, Genesis 2, Genesis, Valguero | E47: 145 | F47: 29 | G47: 5.4 | H47: 200 | I47: 24 | J47: 12 | K47: 165 | L47: 18.15 | M47: 11 | N47: 450 | O47: 45 | P47: 10 | Q47: 120 | R47: 2.4 | S47: 4 | T47: 12 | U47: 0.6 | V47: 1.7 | W47: 100 | X47: 1 | Y47: 60 | Z47: 3.6
A48: Carbonemys | D48: =VLOOKUP(TRIM(A48),wikily_maps!A:O,15,FALSE) -> Astraeos, Crystal Isles, Extinction, Fjordur, Genesis 2, Genesis, Lost Island, Ragnarok, The Center, The Island, Valguero | E48: 700 | F48: 140 | G48: 5.4 | H48: 200 | I48: 20 | J48: 10 | K48: 150 | L48: 15 | M48: 0 | N48: 3000 | O48: 300 | P48: 10 | Q48: 270 | R48: 5.4 | S48: 4 | T48: 13 | U48: 0.65 | V48: 1.7 | W48: 100 | X48: 1 | Y48: 275 | Z48: 16.5
A49: Carcharodontosaurus | D49: =VLOOKUP(TRIM(A49),wikily_maps!A:O,15,FALSE) -> Astraeos, Extinction, Ragnarok, Scorched Earth, The Center, The Island, Valguero | E49: 70000 | F49: 56 | G49: 0.08 | H49: 480 | I49: 2.88 | J49: 2.5 | K49: 150 | L49: 0.375 | M49: 2.5 | N49: 4000 | O49: 10 | P49: 2.5 | Q49: 650 | R49: 13 | S49: 1 | T49: 211 | U49: 10.55 | V49: 0.85 | W49: 100 | X49: 0.31 | Y49: 6000 | Z49: 360
A50: Carnotaurus | D50: =VLOOKUP(TRIM(A50),wikily_maps!A:O,15,FALSE) -> Astraeos, Crystal Isles, Extinction, Fjordur, Genesis 2, Genesis, Lost Island, Ragnarok, Scorched Earth, The Center, The Island, Valguero | E50: 420 | F50: 84 | G50: 5.4 | H50: 300 | I50: 30 | J50: 10 | K50: 150 | L50: 15 | M50: 10 | N50: 2000 | O50: 200 | P50: 10 | Q50: 300 | R50: 6 | S50: 4 | T50: 35 | U50: 1.75 | V50: 1.7 | W50: 100 | X50: 1.25 | Y50: 350 | Z50: 21
A51: Castoroides | D51: =VLOOKUP(TRIM(A51),wikily_maps!A:O,15,FALSE) -> Astraeos, Crystal Isles, Extinction, Fjordur, Genesis 2, Genesis, Lost Island, Ragnarok, The Center, The Island, Valguero | E51: 450 | F51: 90 | G51: 5.4 | H51: 180 | I51: 18 | J51: 10 | K51: 750 | L51: 75 | M51: 10 | N51: 2000 | O51: 200 | P51: 10 | Q51: 300 | R51: 6 | S51: 4 | T51: 28 | U51: 1.12 | V51: 1.7 | W51: 100 | X51: 1 | Y51: 350 | Z51: 21
A52: Cat | D52: =VLOOKUP(TRIM(A52),wikily_maps!A:O,15,FALSE) -> Astraeos, Ragnarok, Valguero | E52: 125 | F52: 25 | G52: 5.4 | H52: 100 | I52: 10 | J52: 10 | K52: 150 | L52: 15 | M52: 10 | N52: 450 | O52: 45 | P52: 10 | Q52: 60 | R52: 1.2 | S52: 4 | T52: 10 | U52: 0.5 | V52: 1.7 | W52: 100 | X52: 0 | Y52: 100 | Z52: 6
A53: Ceratosaurus | D53: =VLOOKUP(TRIM(A53),wikily_maps!A:O,15,FALSE) -> Astraeos, Extinction, Ragnarok, Scorched Earth, The Center, The Island, Valguero | E53: 550 | F53: 110 | G53: 5.4 | H53: 400 | I53: 40 | J53: 10 | K53: 150 | L53: 15 | M53: 10 | N53: 3000 | O53: 300 | P53: 10 | Q53: 350 | R53: 7 | S53: 4 | T53: 25 | U53: 1.25 | V53: 1.7 | W53: 100 | X53: 1 | Y53: 500 | Z53: 30
A54: Chalicotherium | D54: =VLOOKUP(TRIM(A54),wikily_maps!A:O,15,FALSE) -> Astraeos, Crystal Isles, Extinction, Fjordur, Genesis 2, Genesis, Lost Island, Ragnarok, The Center, The Island, Valguero | E54: 600 | F54: 120 | G54: 5.4 | H54: 300 | I54: 30 | J54: 10 | K54: 150 | L54: 15 | M54: 10 | N54: 4000 | O54: 400 | P54: 10 | Q54: 400 | R54: 8 | S54: 4 | T54: 36 | U54: 1.8 | V54: 1.7 | W54: 100 | X54: 1 | Y54: 500 | Z54: 30
A55: Cnidaria | D55: =VLOOKUP(TRIM(A55),wikily_maps!A:O,15,FALSE) -> Astraeos, Crystal Isles, Fjordur, Genesis 2, Genesis, Lost Island, Ragnarok, The Center, The Island, Valguero | E55: 180 | F55: 36 | G55: 5.4 | H55: 120 | I55: 12 | J55: 10 | K55: 0 | L55: 0 | M55: 0 | N55: 1200 | O55: 120 | P55: 10 | Q55: 25 | R55: 0.5 | S55: 4 | T55: 30 | U55: 1.5 | V55: 1.7 | W55: 100 | X55: 0 | Y55: 250 | Z55: 15
A56: Coelacanth | D56: =VLOOKUP(TRIM(A56),wikily_maps!A:O,15,FALSE) -> Astraeos, Crystal Isles, Extinction, Fjordur, Genesis 2, Genesis, Lost Island, Ragnarok, Scorched Earth, The Center, The Island, Valguero | E56: 30 | F56: 6 | G56: 5 | H56: 100 | I56: 10 | J56: 10 | K56: 0 | L56: 0 | M56: 0 | N56: 100 | O56: 10 | P56: 0 | Q56: 8 | R56: 0.16 | S56: 0 | T56: 5 | U56: 0.25 | V56: 1.5 | W56: 100 | X56: 0 | Y56: 15 | Z56: 0.9
A57: Compy | D57: =VLOOKUP(TRIM(A57),wikily_maps!A:O,15,FALSE) -> Astraeos, Crystal Isles, Extinction, Fjordur, Genesis 2, Lost Island, Ragnarok, The Center, The Island, Valguero | E57: 50 | F57: 10 | G57: 6.4 | H57: 100 | I57: 10 | J57: 10 | K57: 150 | L57: 15 | M57: 10 | N57: 450 | O57: 45 | P57: 10 | Q57: 25 | R57: 0.5 | S57: 4 | T57: 4 | U57: 0.2 | V57: 1.7 | W57: 100 | X57: 1 | Y57: 25 | Z57: 1.5
A58: Corrupted Master Controller | B58: Gamma | C58: Genesis2 Gamma | D58: Genesis Part 2 | E58: 25000 | F58: 0 | G58: 0 | H58: 100 | I58: 0 | J58: 0 | K58: 150 | L58: 0 | M58: 0 | N58: 100 | O58: 0 | P58: 0 | Q58: 100 | R58: 0 | S58: 0 | T58: 1500 | U58: 0 | V58: 0 | W58: 100 | X58: 0 | Y58: 100 | Z58: 0
A59: Corrupted Master Controller | B59: Beta | C59: Genesis2 Beta | D59: Genesis Part 2 | E59: 60000 | F59: 0 | G59: 0 | H59: 100 | I59: 0 | J59: 0 | K59: 150 | L59: 0 | M59: 0 | N59: 100 | O59: 0 | P59: 0 | Q59: 100 | R59: 0 | S59: 0 | T59: 2000 | U59: 0 | V59: 0 | W59: 100 | X59: 0 | Y59: 100 | Z59: 0
A60: Corrupted Master Controller | B60: Alpha | C60: Genesis2 Alpha | D60: Genesis Part 2 | E60: 150000 | F60: 0 | G60: 0 | H60: 100 | I60: 0 | J60: 0 | K60: 150 | L60: 0 | M60: 0 | N60: 100 | O60: 0 | P60: 0 | Q60: 100 | R60: 0 | S60: 0 | T60: 2500 | U60: 0 | V60: 0 | W60: 100 | X60: 0 | Y60: 100 | Z60: 0
A61: Cosmo | D61: =VLOOKUP(TRIM(A61),wikily_maps!A:O,15,FALSE) -> Aberration, Astraeos, Valguero | E61: 115 | F61: 23 | G61: 5.4 | H61: 100 | I61: 10 | J61: 12.5 | K61: 200 | L61: 20 | M61: 11.5 | N61: 450 | O61: 45 | P61: 10 | Q61: 70 | R61: 1.4 | S61: 4 | T61: 5 | U61: 0.25 | V61: 1.89 | W61: 100 | X61: 1 | Y61: 60 | Z61: 3.6
A62: Crystal Wyvern | B62: Tropical | D62: Crystal Isles | E62: 1295 | F62: 194.25 | G62: 3.24 | H62: 325 | I62: 16.25 | J62: 5 | K62: 150 | L62: 15 | M62: 10 | N62: 1500 | O62: 150 | P62: 10 | Q62: 300 | R62: 6 | S62: 4 | T62: 45 | U62: 2.25 | V62: 1.7 | W62: 100 | X62: 0 | Y62: 545 | Z62: 32.7
A63: Crystal Wyvern | B63: Ember | D63: Crystal Isles | E63: 1295 | F63: 194.25 | G63: 3.24 | H63: 325 | I63: 16.25 | J63: 5 | K63: 150 | L63: 15 | M63: 10 | N63: 1500 | O63: 150 | P63: 10 | Q63: 300 | R63: 6 | S63: 4 | T63: 45 | U63: 2.25 | V63: 1.7 | W63: 100 | X63: 0 | Y63: 545 | Z63: 32.7
A64: Crystal Wyvern | B64: Blood | D64: Crystal Isles | E64: 1295 | F64: 194.25 | G64: 3.24 | H64: 325 | I64: 16.25 | J64: 5 | K64: 150 | L64: 15 | M64: 10 | N64: 1500 | O64: 150 | P64: 10 | Q64: 300 | R64: 6 | S64: 4 | T64: 45 | U64: 2.25 | V64: 1.7 | W64: 100 | X64: 0 | Y64: 545 | Z64: 32.7
A65: Crystal Wyvern Queen | B65: Gamma | C65: Crystal Isles Gamma | D65: Crystal Isles | E65: 400000 | F65: 0 | G65: 0 | H65: 2500 | I65: 0 | J65: 0 | K65: 1000 | L65: 0 | M65: 0 | N65: 5000 | O65: 0 | P65: 0 | Q65: 4000 | R65: 0 | S65: 0 | T65: 160 | U65: 0 | V65: 0 | W65: 100 | X65: 0 | Y65: 1000 | Z65: 0
A66: Crystal Wyvern Queen | B66: Beta | C66: Crystal Isles Beta | D66: Crystal Isles | E66: 675000 | F66: 0 | G66: 0 | H66: 2500 | I66: 0 | J66: 0 | K66: 1000 | L66: 0 | M66: 0 | N66: 5000 | O66: 0 | P66: 0 | Q66: 4000 | R66: 0 | S66: 0 | T66: 160 | U66: 0 | V66: 0 | W66: 100 | X66: 0 | Y66: 1000 | Z66: 0
A67: Crystal Wyvern Queen | B67: Alpha | C67: Crystal Isles Alpha | D67: Crystal Isles | E67: 950000 | F67: 0 | G67: 0 | H67: 2500 | I67: 0 | J67: 0 | K67: 1000 | L67: 0 | M67: 0 | N67: 5000 | O67: 0 | P67: 0 | Q67: 4000 | R67: 0 | S67: 0 | T67: 160 | U67: 0 | V67: 0 | W67: 100 | X67: 0 | Y67: 1000 | Z67: 0
A68: Daeodon | D68: =VLOOKUP(TRIM(A68),wikily_maps!A:O,15,FALSE) -> Astraeos, Crystal Isles, Extinction, Fjordur, Genesis 2, Genesis, Lost Island, Ragnarok, Scorched Earth, The Center, The Island, Valguero | E68: 900 | F68: 180 | G68: 5.4 | H68: 250 | I68: 25 | J68: 10 | K68: 150 | L68: 15 | M68: 10 | N68: 2500 | O68: 250 | P68: 10 | Q68: 400 | R68: 8 | S68: 4 | T68: 29 | U68: 1.45 | V68: 1.7 | W68: 100 | X68: 1 | Y68: 800 | Z68: 48
A69: Deathworm | D69: =VLOOKUP(TRIM(A69),wikily_maps!A:O,15,FALSE) -> Lost Island, Scorched Earth | E69: 20000 | F69: 40 | G69: 2.3 | H69: 100 | I69: 10 | J69: 10 | K69: 0 | L69: 0 | M69: 0 | N69: 100 | O69: 10 | P69: 10 | Q69: 100 | R69: 2 | S69: 4 | T69: 225 | U69: 11.25 | V69: 1.7 | W69: 100 | X69: 0 | Y69: 100 | Z69: 6
A70: Defense Unit | B70: Gamma | C70: Overseer Gamma | D70: The Island | E70: 924 | F70: 0 | G70: 0 | H70: 2000 | I70: 0 | J70: 0 | K70: 150 | L70: 0 | M70: 0 | N70: 3000 | O70: 0 | P70: 0 | Q70: 1500 | R70: 0 | S70: 0 | T70: 35 | U70: 0 | V70: 0 | W70: 100 | X70: 0 | Y70: 420 | Z70: 0
A71: Defense Unit | B71: Beta | C71: Overseer Beta | D71: The Island | E71: 1848 | F71: 0 | G71: 0 | H71: 2000 | I71: 0 | J71: 0 | K71: 150 | L71: 0 | M71: 0 | N71: 3000 | O71: 0 | P71: 0 | Q71: 1500 | R71: 0 | S71: 0 | T71: 35 | U71: 0 | V71: 0 | W71: 100 | X71: 0 | Y71: 420 | Z71: 0
A72: Defense Unit | B72: Alpha | C72: Overseer Alpha | D72: The Island | E72: 2772 | F72: 0 | G72: 0 | H72: 2000 | I72: 0 | J72: 0 | K72: 150 | L72: 0 | M72: 0 | N72: 3000 | O72: 0 | P72: 0 | Q72: 1500 | R72: 0 | S72: 0 | T72: 35 | U72: 0 | V72: 0 | W72: 100 | X72: 0 | Y72: 420 | Z72: 0
A73: Defense Unit | B73: Gamma | C73: Overseer Gamma | D73: The Island | E73: 924 | F73: 0 | G73: 0 | H73: 2000 | I73: 0 | J73: 0 | K73: 150 | L73: 0 | M73: 0 | N73: 3000 | O73: 0 | P73: 0 | Q73: 1500 | R73: 0 | S73: 0 | T73: 35 | U73: 0 | V73: 0 | W73: 100 | X73: 0 | Y73: 420 | Z73: 0
A74: Defense Unit | B74: Beta | C74: Overseer Beta | D74: The Island | E74: 1848 | F74: 0 | G74: 0 | H74: 2000 | I74: 0 | J74: 0 | K74: 150 | L74: 0 | M74: 0 | N74: 3000 | O74: 0 | P74: 0 | Q74: 1500 | R74: 0 | S74: 0 | T74: 35 | U74: 0 | V74: 0 | W74: 100 | X74: 0 | Y74: 420 | Z74: 0
A75: Defense Unit | B75: Alpha | C75: Overseer Alpha | D75: The Island | E75: 2772 | F75: 0 | G75: 0 | H75: 2000 | I75: 0 | J75: 0 | K75: 150 | L75: 0 | M75: 0 | N75: 3000 | O75: 0 | P75: 0 | Q75: 1500 | R75: 0 | S75: 0 | T75: 35 | U75: 0 | V75: 0 | W75: 100 | X75: 0 | Y75: 420 | Z75: 0
A76: Defense Unit | B76: Gamma | C76: Overseer Gamma | D76: The Island | E76: 924 | F76: 0 | G76: 0 | H76: 2000 | I76: 0 | J76: 0 | K76: 150 | L76: 0 | M76: 0 | N76: 3000 | O76: 0 | P76: 0 | Q76: 1500 | R76: 0 | S76: 0 | T76: 35 | U76: 0 | V76: 0 | W76: 100 | X76: 0 | Y76: 420 | Z76: 0
A77: Defense Unit | B77: Beta | C77: Overseer Beta | D77: The Island | E77: 1848 | F77: 0 | G77: 0 | H77: 2000 | I77: 0 | J77: 0 | K77: 150 | L77: 0 | M77: 0 | N77: 3000 | O77: 0 | P77: 0 | Q77: 1500 | R77: 0 | S77: 0 | T77: 35 | U77: 0 | V77: 0 | W77: 100 | X77: 0 | Y77: 420 | Z77: 0
A78: Defense Unit | B78: Alpha | C78: Overseer Alpha | D78: The Island | E78: 2772 | F78: 0 | G78: 0 | H78: 2000 | I78: 0 | J78: 0 | K78: 150 | L78: 0 | M78: 0 | N78: 3000 | O78: 0 | P78: 0 | Q78: 1500 | R78: 0 | S78: 0 | T78: 35 | U78: 0 | V78: 0 | W78: 100 | X78: 0 | Y78: 420 | Z78: 0
A79: Defense Unit | B79: Gamma | C79: Overseer Gamma | D79: The Island | E79: 924 | F79: 0 | G79: 0 | H79: 2000 | I79: 0 | J79: 0 | K79: 150 | L79: 0 | M79: 0 | N79: 3000 | O79: 0 | P79: 0 | Q79: 1500 | R79: 0 | S79: 0 | T79: 35 | U79: 0 | V79: 0 | W79: 100 | X79: 0 | Y79: 420 | Z79: 0
A80: Defense Unit | B80: Beta | C80: Overseer Beta | D80: The Island | E80: 1848 | F80: 0 | G80: 0 | H80: 2000 | I80: 0 | J80: 0 | K80: 150 | L80: 0 | M80: 0 | N80: 3000 | O80: 0 | P80: 0 | Q80: 1500 | R80: 0 | S80: 0 | T80: 35 | U80: 0 | V80: 0 | W80: 100 | X80: 0 | Y80: 420 | Z80: 0
A81: Defense Unit | B81: Alpha | C81: Overseer Alpha | D81: The Island | E81: 2772 | F81: 0 | G81: 0 | H81: 2000 | I81: 0 | J81: 0 | K81: 150 | L81: 0 | M81: 0 | N81: 3000 | O81: 0 | P81: 0 | Q81: 1500 | R81: 0 | S81: 0 | T81: 35 | U81: 0 | V81: 0 | W81: 100 | X81: 0 | Y81: 420 | Z81: 0
... A84: Defense Unit | B84: Alpha | C84: Overseer Alpha | D84: The Island | E84: 2772 | F84: 0 | G84: 0 | H84: 2000 | I84: 0 | J84: 0 | K84: 150 | L84: 0 | M84: 0 | N84: 3000 | O84: 0 | P84: 0 | Q84: 1500 | R84: 0 | S84: 0 | T84: 35 | U84: 0 | V84: 0 | W84: 100 | X84: 0 | Y84: 420 | Z84: 0
A85: Deinonychus | D85: =VLOOKUP(TRIM(A85),wikily_maps!A:O,15,FALSE) -> Fjordur, Valguero | E85: 200 | F85: 40 | G85: 5.4 | H85: 150 | I85: 15 | J85: 10 | K85: 150 | L85: 15 | M85: 10 | N85: 1200 | O85: 120 | P85: 10 | Q85: 140 | R85: 2.8 | S85: 4 | T85: 30 | U85: 1.5 | V85: 1.7 | W85: 100 | X85: 1.5 | Y85: 180 | Z85: 10.8
A86: Desert Titan Flock | B86: Boss | C86: Desert Titan | D86: Extinction | E86: 4000 | F86: 0 | G86: 0 | H86: 10000 | I86: 0 | J86: 0 | K86: 150 | L86: 0 | M86: 0 | N86: 100 | O86: 0 | P86: 0 | Q86: 100 | R86: 0 | S86: 0 | T86: 150 | U86: 0 | V86: 0 | W86: 100 | X86: 0 | Y86: 100 | Z86: 0
A87: Desert Titan Flock | B87: Boss | C87: Desert Titan | D87: Extinction | E87: 4000 | F87: 0 | G87: 0 | H87: 10000 | I87: 0 | J87: 0 | K87: 150 | L87: 0 | M87: 0 | N87: 100 | O87: 0 | P87: 0 | Q87: 100 | R87: 0 | S87: 0 | T87: 150 | U87: 0 | V87: 0 | W87: 100 | X87: 0 | Y87: 100 | Z87: 0
A88: Desert Titan | B88: Boss | C88: Desert Titan | D88: Extinction | E88: 250000 | F88: 0 | G88: 0 | H88: 5000 | I88: 0 | J88: 0 | K88: 150 | L88: 0 | M88: 0 | N88: 864 | O88: 0 | P88: 0 | Q88: 9000 | R88: 0 | S88: 0 | T88: 500 | U88: 0 | V88: 0 | W88: 100 | X88: 0 | Y88: 30094 | Z88: 0
A89: Desmodus | D89: =VLOOKUP(TRIM(A89),wikily_maps!A:O,15,FALSE) -> Fjordur | E89: 325 | F89: 55.25 | G89: 5.4 | H89: 500 | I89: 25 | J89: 6 | K89: 150 | L89: 15 | M89: 10 | N89: 1600 | O89: 160 | P89: 10 | Q89: 350 | R89: 7 | S89: 4 | T89: 40 | U89: 2 | V89: 1.7 | W89: 100 | X89: 0 | Y89: 450 | Z89: 27
A90: Dilophosaur | D90: =VLOOKUP(TRIM(A90),wikily_maps!A:O,15,FALSE) -> Astraeos, Crystal Isles, Extinction, Fjordur, Genesis 2, Genesis, Lost Island, Ragnarok, The Center, The Island, Valguero | E90: 130 | F90: 26 | G90: 5.4 | H90: 100 | I90: 10 | J90: 10 | K90: 150 | L90: 15 | M90: 10 | N90: 450 | O90: 45 | P90: 10 | Q90: 45 | R90: 0.9 | S90: 4 | T90: 10 | U90: 0.5 | V90: 1.7 | W90: 100 | X90: 1 | Y90: 75 | Z90: 4.5
A91: Dimetrodon | D91: =VLOOKUP(TRIM(A91),wikily_maps!A:O,15,FALSE) -> Astraeos, Crystal Isles, Extinction, Fjordur, Genesis 2, Genesis, Lost Island, Ragnarok, The Center, The Island, Valguero | E91: 350 | F91: 70 | G91: 5.4 | H91: 300 | I91: 30 | J91: 10 | K91: 500 | L91: 50 | M91: 0 | N91: 1500 | O91: 150 | P91: 10 | Q91: 250 | R91: 5 | S91: 4 | T91: 20 | U91: 0.4 | V91: 0.68 | W91: 100 | X91: 1 | Y91: 750 | Z91: 45
A92: Dimorphodon | D92: =VLOOKUP(TRIM(A92),wikily_maps!A:O,15,FALSE) -> Astraeos, Crystal Isles, Extinction, Fjordur, Genesis 2, Genesis, Lost Island, Ragnarok, The Center, The Island, Valguero | E92: 125 | F92: 25 | G92: 5.4 | H92: 150 | I92: 15 | J92: 10 | K92: 150 | L92: 15 | M92: 10 | N92: 900 | O92: 90 | P92: 10 | Q92: 50 | R92: 1 | S92: 4 | T92: 23 | U92: 1.15 | V92: 1.7 | W92: 100 | X92: 1 | Y92: 100 | Z92: 6
A93: Dinopithecus | D93: =VLOOKUP(TRIM(A93),wikily_maps!A:O,15,FALSE) -> Crystal Isles, Lost Island | E93: 775 | F93: 155 | G93: 4.86 | H93: 800 | I93: 80 | J93: 10 | K93: 150 | L93: 15 | M93: 10 | N93: 1200 | O93: 120 | P93: 10 | Q93: 350 | R93: 7 | S93: 4 | T93: 46 | U93: 2.3 | V93: 1.7 | W93: 100 | X93: 1 | Y93: 600 | Z93: 36
A94: Dinopithecus King | B94: Gamma | C94: Lost Island Gamma | D94: Lost Island | E94: 375000 | F94: 0 | G94: 0 | H94: 2000 | I94: 0 | J94: 0 | K94: 2000 | L94: 0 | M94: 0 | N94: 2500 | O94: 0 | P94: 0 | Q94: 4000 | R94: 0 | S94: 0 | T94: 200 | U94: 0 | V94: 0 | W94: 100 | X94: 0 | Y94: 1000 | Z94: 0
A95: Dinopithecus King | B95: Beta | C95: Lost Island Beta | D95: Lost Island | E95: 600000 | F95: 0 | G95: 0 | H95: 2000 | I95: 0 | J95: 0 | K95: 2000 | L95: 0 | M95: 0 | N95: 2500 | O95: 0 | P95: 0 | Q95: 4000 | R95: 0 | S95: 0 | T95: 200 | U95: 0 | V95: 0 | W95: 100 | X95: 0 | Y95: 1000 | Z95: 0
A96: Dinopithecus King | B96: Alpha | C96: Lost Island Alpha | D96: Lost Island | E96: 825000 | F96: 0 | G96: 0 | H96: 2000 | I96: 0 | J96: 0 | K96: 2000 | L96: 0 | M96: 0 | N96: 2500 | O96: 0 | P96: 0 | Q96: 4000 | R96: 0 | S96: 0 | T96: 200 | U96: 0 | V96: 0 | W96: 100 | X96: 0 | Y96: 1000 | Z96: 0
A97: Diplocaulus | D97: =VLOOKUP(TRIM(A97),wikily_maps!A:O,15,FALSE) -> Astraeos, Crystal Isles, Extinction, Fjordur, Genesis 2, Genesis, Lost Island, Ragnarok, The Center, The Island, Valguero | E97: 250 | F97: 50 | G97: 5.4 | H97: 165 | I97: 16.5 | J97: 10 | K97: 1050 | L97: 105 | M97: 10 | N97: 1500 | O97: 150 | P97: 10 | Q97: 150 | R97: 3 | S97: 4 | T97: 10 | U97: 0.5 | V97: 1.7 | W97: 100 | X97: 1 | Y97: 220 | Z97: 13.2
A98: Diplodocus | D98: =VLOOKUP(TRIM(A98),wikily_maps!A:O,15,FALSE) -> Astraeos, Crystal Isles, Extinction, Fjordur, Genesis 2, Lost Island, Ragnarok, The Center, The Island, Valguero | E98: 1700 | F98: 340 | G98: 5.4 | H98: 550 | I98: 55 | J98: 10 | K98: 300 | L98: 30 | M98: 10 | N98: 10000 | O98: 1000 | P98: 10 | Q98: 800 | R98: 16 | S98: 4 | T98: 60 | U98: 3 | V98: 1.7 | W98: 100 | X98: 1 | Y98: 3000 | Z98: 180
A99: Dire Bear | D99: =VLOOKUP(TRIM(A99),wikily_maps!A:O,15,FALSE) -> Astraeos, Crystal Isles, Extinction, Fjordur, Genesis 2, Genesis, Lost Island, Ragnarok, The Center, The Island, Valguero | E99: 400 | F99: 80 | G99: 5.4 | H99: 500 | I99: 50 | J99: 10 | K99: 270 | L99: 27 | M99: 10 | N99: 3000 | O99: 300 | P99: 10 | Q99: 650 | R99: 13 | S99: 4 | T99: 50 | U99: 2.5 | V99: 1.7 | W99: 100 | X99: 1 | Y99: 1000 | Z99: 60
A100: Direwolf | D100: =VLOOKUP(TRIM(A100),wikily_maps!A:O,15,FALSE) -> Astraeos, Crystal Isles, Extinction, Fjordur, Genesis, Lost Island, Ragnarok, Scorched Earth, The Center, The Island, Valguero | E100: 330 | F100: 66 | G100: 5.4 | H100: 260 | I100: 26 | J100: 10 | K100: 150 | L100: 15 | M100: 10 | N100: 1200 | O100: 120 | P100: 10 | Q100: 170 | R100: 3.4 | S100: 4 | T100: 33 | U100: 1.65 | V100: 1.7 | W100: 100 | X100: 1 | Y100: 450 | Z100: 27
A101: Dodo | D101: =VLOOKUP(TRIM(A101),wikily_maps!A:O,15,FALSE) -> Astraeos, Crystal Isles, Extinction, Fjordur, Genesis 2, Genesis, Lost Island, Ragnarok, The Center, The Island, Valguero | E101: 40 | F101: 8 | G101: 5.4 | H101: 100 | I101: 10 | J101: 10 | K101: 150 | L101: 15 | M101: 10 | N101: 450 | O101: 45 | P101: 10 | Q101: 50 | R101: 1 | S101: 4 | T101: 5 | U101: 0.25 | V101: 1.7 | W101: 100 | X101: 3 | Y101: 30 | Z101: 1.8
A102: Doedicurus | D102: =VLOOKUP(TRIM(A102),wikily_maps!A:O,15,FALSE) -> Astraeos, Crystal Isles, Extinction, Fjordur, Genesis 2, Genesis, Lost Island, Ragnarok, Scorched Earth, The Center, The Island, Valguero | E102: 850 | F102: 170 | G102: 5.4 | H102: 300 | I102: 30 | J102: 10 | K102: 150 | L102: 15 | M102: 10 | N102: 3000 | O102: 300 | P102: 10 | Q102: 250 | R102: 5 | S102: 4 | T102: 32 | U102: 1.6 | V102: 1.7 | W102: 100 | X102: 2 | Y102: 800 | Z102: 48
A103: Dragon | B103: Gamma | C103: Dragon Gamma | D103: The Island | E103: 432000 | F103: 0 | G103: 0 | H103: 10000 | I103: 0 | J103: 0 | K103: 0 | L103: 0 | M103: 0 | N103: 2600 | O103: 0 | P103: 0 | Q103: 4000 | R103: 0 | S103: 0 | T103: 500 | U103: 0 | V103: 0 | W103: 100 | X103: 0 | Y103: 350 | Z103: 0
A104: Dragon | B104: Beta | C104: Dragon Beta | D104: The Island | E104: 864000 | F104: 0 | G104: 0 | H104: 10000 | I104: 0 | J104: 0 | K104: 0 | L104: 0 | M104: 0 | N104: 2600 | O104: 0 | P104: 0 | Q104: 4000 | R104: 0 | S104: 0 | T104: 1000 | U104: 0 | V104: 0 | W104: 100 | X104: 0 | Y104: 350 | Z104: 0
A105: Dragon | B105: Alpha | C105: Dragon Alpha | D105: The Island | E105: 972000 | F105: 0 | G105: 0 | H105: 10000 | I105: 0 | J105: 0 | K105: 0 | L105: 0 | M105: 0 | N105: 2600 | O105: 0 | P105: 0 | Q105: 4000 | R105: 0 | S105: 0 | T105: 1500 | U105: 0 | V105: 0 | W105: 100 | X105: 0 | Y105: 350 | Z105: 0
...

Sheet Tabelle1
B1: Power | C1: Chance
A2: basic | B2: 1000 | C2: 0.97 | D2: 50 | E2: 0.55
A3: simple | B3: 2000 | C3: 0.97 | D3: 120 | E3: 0.7
A4: regular | B4: 3000 | C4: 0.97 | D4: 300 | E4: 0.8
A5: superior | B5: 4000 | C5: 0.97 | D5: 800 | E5: 0.88
A6: exceptional | B6: 5000 | C6: 0.97 | D6: 2000 | E6: 0.93
A7: extraordinary | B7: 6000 | C7: 0.97 | D7: 5000 | E7: 0.97
E10: Basic Chance 100% | H10: Simple Chance 100% | K10: Regular Chance 100% | N10: Superior Chance 100% | Q10: Exceptional Chance 100% | T10: Extraordinary Chance 100%
B11: 1 | C11: 50 | D11: 150 | E11: 1 | F11: 50 | G11: 150 | H11: 1 | I11: 50 | J11: 150 | K11: 1 | L11: 50 | M11: 150 | N11: 1 | O11: 50 | P11: 150 | Q11: 1 | R11: 50 | S11: 150 | T11: 1 | U11: 50 | V11: 150
A12: =Tabelle2!A3 -> Achatina | B12: =Tabelle2!$N3+(B$11*Tabelle2!$O3) -> 495 | C12: =Tabelle2!$N3+(C$11*Tabelle2!$O3) -> 2700 | D12: =Tabelle2!$N3+(D$11*Tabelle2!$O3) -> 7200 | E12: =POWER($C$2,$B12/$B$2) -> 0.98503579 | F12: =POWER($C$2,$C12/$B$2) -> 0.92105101 | G12: =POWER($C$2,$D12/$B$2) -> 0.8030757 | H12: =POWER($C$3,$B12/$B$3) -> 0.99248969 | I12: =POWER($C$3,$C12/$B$3) -> 0.95971402 | J12: =POWER($C$3,$D12/$B$3) -> 0.89614491 | K12: =POWER($C$4,$B12/$B$4) -> 0.99498684 | L12: =POWER($C$4,$C12/$B$4) -> 0.97295905 | M12: =POWER($C$4,$D12/$B$4) -> 0.92950592 | N12: =POWER($C$5,$B12/$B$5) -> 0.99623777 | O12: =POWER($C$5,$C12/$B$5) -> 0.97964995 | P12: =POWER($C$5,$D12/$B$5) -> 0.94664931 | Q12: =POWER($C$6,$B12/$B$6) -> 0.99698908 | R12: =POWER($C$6,$C12/$B$6) -> 0.98368656 | S12: =POWER($C$6,$D12/$B$6) -> 0.95708674 | T12: =POWER($C$7,$B12/$B$7) -> 0.99749027 | U12: =POWER($C$7,$C12/$B$7) -> 0.98638686 | V12: =POWER($C$7,$D12/$B$7) -> 0.96410888
A13: =Tabelle2!A4 -> Allosaurus | B13: =Tabelle2!$N4+(B$11*Tabelle2!$O4) -> 3300 | C13: =Tabelle2!$N4+(C$11*Tabelle2!$O4) -> 18000 | D13: =Tabelle2!$N4+(D$11*Tabelle2!$O4) -> 48000 | E13: =POWER($C$2,$B13/$B$2) -> 0.9043712 | F13: =POWER($C$2,$C13/$B$2) -> 0.57795126 | G13: =POWER($C$2,$D13/$B$2) -> 0.23176254 | H13: =POWER($C$3,$B13/$B$3) -> 0.95098433 | I13: =POWER($C$3,$C13/$B$3) -> 0.76023106 | J13: =POWER($C$3,$D13/$B$3) -> 0.48141722 | K13: =POWER($C$4,$B13/$B$4) -> 0.96704995 | L13: =POWER($C$4,$C13/$B$4) -> 0.832972 | M13: =POWER($C$4,$D13/$B$4) -> 0.61425365 | N13: =POWER($C$5,$B13/$B$5) -> 0.97518426 | O13: =POWER($C$5,$C13/$B$5) -> 0.8719123 | P13: =POWER($C$5,$D13/$B$5) -> 0.69384236 | Q13: =POWER($C$6,$B13/$B$6) -> 0.98009764 | R13: =POWER($C$6,$C13/$B$6) -> 0.89614491 | S13: =POWER($C$6,$D13/$B$6) -> 0.74646362 | T13: =POWER($C$7,$B13/$B$7) -> 0.98338698 | U13: =POWER($C$7,$C13/$B$7) -> 0.912673 | V13: =POWER($C$7,$D13/$B$7) -> 0.78374336
A14: =Tabelle2!A5 -> Amargasaurus | B14: =Tabelle2!$N5+(B$11*Tabelle2!$O5) -> 6930 | C14: =Tabelle2!$N5+(C$11*Tabelle2!$O5) -> 37800 | D14: =Tabelle2!$N5+(D$11*Tabelle2!$O5) -> 100800 | E14: =POWER($C$2,$B14/$B$2) -> 0.80970742 | F14: =POWER($C$2,$C14/$B$2) -> 0.31620705 | G14: =POWER($C$2,$D14/$B$2) -> 0.046407782 | H14: =POWER($C$3,$B14/$B$3) -> 0.89983744 | I14: =POWER($C$3,$C14/$B$3) -> 0.56232291 | J14: =POWER($C$3,$D14/$B$3) -> 0.21542466 | K14: =POWER($C$4,$B14/$B$4) -> 0.9320575 | L14: =POWER($C$4,$C14/$B$4) -> 0.6812772 | M14: =POWER($C$4,$D14/$B$4) -> 0.35936044 | N14: =POWER($C$5,$B14/$B$5) -> 0.94859762 | O14: =POWER($C$5,$C14/$B$5) -> 0.74988193 | P14: =POWER($C$5,$D14/$B$5) -> 0.46413862 | Q14: =POWER($C$6,$B14/$B$6) -> 0.95866224 | R14: =POWER($C$6,$C14/$B$6) -> 0.79431783 | S14: =POWER($C$6,$D14/$B$6) -> 0.54115062 | T14: =POWER($C$7,$B14/$B$7) -> 0.96543125 | U14: =POWER($C$7,$C14/$B$7) -> 0.82539518 | V14: =POWER($C$7,$D14/$B$7) -> 0.5994668
A15: =Tabelle2!A6 -> Ammonite | B15: =Tabelle2!$N6+(B$11*Tabelle2!$O6) -> 495 | C15: =Tabelle2!$N6+(C$11*Tabelle2!$O6) -> 2700 | D15: =Tabelle2!$N6+(D$11*Tabelle2!$O6) -> 7200 | E15: =POWER($C$2,$B15/$B$2) -> 0.98503579 | F15: =POWER($C$2,$C15/$B$2) -> 0.92105101 | G15: =POWER($C$2,$D15/$B$2) -> 0.8030757 | H15: =POWER($C$3,$B15/$B$3) -> 0.99248969 | I15: =POWER($C$3,$C15/$B$3) -> 0.95971402 | J15: =POWER($C$3,$D15/$B$3) -> 0.89614491 | K15: =POWER($C$4,$B15/$B$4) -> 0.99498684 | L15: =POWER($C$4,$C15/$B$4) -> 0.97295905 | M15: =POWER($C$4,$D15/$B$4) -> 0.92950592 | N15: =POWER($C$5,$B15/$B$5) -> 0.99623777 | O15: =POWER($C$5,$C15/$B$5) -> 0.97964995 | P15: =POWER($C$5,$D15/$B$5) -> 0.94664931 | Q15: =POWER($C$6,$B15/$B$6) -> 0.99698908 | R15: =POWER($C$6,$C15/$B$6) -> 0.98368656 | S15: =POWER($C$6,$D15/$B$6) -> 0.95708674 | T15: =POWER($C$7,$B15/$B$7) -> 0.99749027 | U15: =POWER($C$7,$C15/$B$7) -> 0.98638686 | V15: =POWER($C$7,$D15/$B$7) -> 0.96410888
A16: =Tabelle2!A7 -> Andrewsarchus | B16: =Tabelle2!$N7+(B$11*Tabelle2!$O7) -> 2391.4 | C16: =Tabelle2!$N7+(C$11*Tabelle2!$O7) -> 13044 | D16: =Tabelle2!$N7+(D$11*Tabelle2!$O7) -> 34784 | E16: =POWER($C$2,$B16/$B$2) -> 0.92974944 | F16: =POWER($C$2,$C16/$B$2) -> 0.6721257 | G16: =POWER($C$2,$D16/$B$2) -> 0.34663148 | H16: =POWER($C$3,$B16/$B$3) -> 0.96423516 | I16: =POWER($C$3,$C16/$B$3) -> 0.81983273 | J16: =POWER($C$3,$D16/$B$3) -> 0.58875418 | K16: =POWER($C$4,$B16/$B$4) -> 0.97601234 | L16: =POWER($C$4,$C16/$B$4) -> 0.87595844 | M16: =POWER($C$4,$D16/$B$4) -> 0.70246173 | N16: =POWER($C$5,$B16/$B$5) -> 0.98195476 | O16: =POWER($C$5,$C16/$B$5) -> 0.90544615 | P16: =POWER($C$5,$D16/$B$5) -> 0.76730319 | Q16: =POWER($C$6,$B16/$B$6) -> 0.98553757 | R16: =POWER($C$6,$C16/$B$6) -> 0.92361313 | S16: =POWER($C$6,$D16/$B$6) -> 0.80904672 | T16: =POWER($C$7,$B16/$B$7) -> 0.98793337 | U16: =POWER($C$7,$C16/$B$7) -> 0.93592651 | V16: =POWER($C$7,$D16/$B$7) -> 0.8381299
A17: =Tabelle2!A8 -> Anglerfish | B17: =Tabelle2!$N8+(B$11*Tabelle2!$O8) -> 1650 | C17: =Tabelle2!$N8+(C$11*Tabelle2!$O8) -> 9000 | D17: =Tabelle2!$N8+(D$11*Tabelle2!$O8) -> 24000 | E17: =POWER($C$2,$B17/$B$2) -> 0.95098433 | F17: =POWER($C$2,$C17/$B$2) -> 0.76023106 | G17: =POWER($C$2,$D17/$B$2) -> 0.48141722 | H17: =POWER($C$3,$B17/$B$3) -> 0.97518426 | I17: =POWER($C$3,$C17/$B$3) -> 0.8719123 | J17: =POWER($C$3,$D17/$B$3) -> 0.69384236 | K17: =POWER($C$4,$B17/$B$4) -> 0.98338698 | L17: =POWER($C$4,$C17/$B$4) -> 0.912673 | M17: =POWER($C$4,$D17/$B$4) -> 0.78374336 | N17: =POWER($C$5,$B17/$B$5) -> 0.98751418 | O17: =POWER($C$5,$C17/$B$5) -> 0.93376244 | P17: =POWER($C$5,$D17/$B$5) -> 0.832972 | Q17: =POWER($C$6,$B17/$B$6) -> 0.98999881 | R17: =POWER($C$6,$C17/$B$6) -> 0.94664931 | S17: =POWER($C$6,$D17/$B$6) -> 0.86398126 | T17: =POWER($C$7,$B17/$B$7) -> 0.9916587 | U17: =POWER($C$7,$C17/$B$7) -> 0.95533921 | V17: =POWER($C$7,$D17/$B$7) -> 0.88529281
A18: =Tabelle2!A9 -> Ankylosaurus | B18: =Tabelle2!$N9+(B$11*Tabelle2!$O9) -> 3300 | C18: =Tabelle2!$N9+(C$11*Tabelle2!$O9) -> 18000 | D18: =Tabelle2!$N9+(D$11*Tabelle2!$O9) -> 48000 | E18: =POWER($C$2,$B18/$B$2) -> 0.9043712 | F18: =POWER($C$2,$C18/$B$2) -> 0.57795126 | G18: =POWER($C$2,$D18/$B$2) -> 0.23176254 | H18: =POWER($C$3,$B18/$B$3) -> 0.95098433 | I18: =POWER($C$3,$C18/$B$3) -> 0.76023106 | J18: =POWER($C$3,$D18/$B$3) -> 0.48141722 | K18: =POWER($C$4,$B18/$B$4) -> 0.96704995 | L18: =POWER($C$4,$C18/$B$4) -> 0.832972 | M18: =POWER($C$4,$D18/$B$4) -> 0.61425365 | N18: =POWER($C$5,$B18/$B$5) -> 0.97518426 | O18: =POWER($C$5,$C18/$B$5) -> 0.8719123 | P18: =POWER($C$5,$D18/$B$5) -> 0.69384236 | Q18: =POWER($C$6,$B18/$B$6) -> 0.98009764 | R18: =POWER($C$6,$C18/$B$6) -> 0.89614491 | S18: =POWER($C$6,$D18/$B$6) -> 0.74646362 | T18: =POWER($C$7,$B18/$B$7) -> 0.98338698 | U18: =POWER($C$7,$C18/$B$7) -> 0.912673 | V18: =POWER($C$7,$D18/$B$7) -> 0.78374336
A19: =Tabelle2!A10 -> Araneo | B19: =Tabelle2!$N10+(B$11*Tabelle2!$O10) -> 990 | C19: =Tabelle2!$N10+(C$11*Tabelle2!$O10) -> 5400 | D19: =Tabelle2!$N10+(D$11*Tabelle2!$O10) -> 14400 | E19: =POWER($C$2,$B19/$B$2) -> 0.9702955 | F19: =POWER($C$2,$C19/$B$2) -> 0.84833496 | G19: =POWER($C$2,$D19/$B$2) -> 0.64493059 | H19: =POWER($C$3,$B19/$B$3) -> 0.98503579 | I19: =POWER($C$3,$C19/$B$3) -> 0.92105101 | J19: =POWER($C$3,$D19/$B$3) -> 0.8030757 | K19: =POWER($C$4,$B19/$B$4) -> 0.98999881 | L19: =POWER($C$4,$C19/$B$4) -> 0.94664931 | M19: =POWER($C$4,$D19/$B$4) -> 0.86398126 | N19: =POWER($C$5,$B19/$B$5) -> 0.99248969 | O19: =POWER($C$5,$C19/$B$5) -> 0.95971402 | P19: =POWER($C$5,$D19/$B$5) -> 0.89614491 | Q19: =POWER($C$6,$B19/$B$6) -> 0.99398723 | R19: =POWER($C$6,$C19/$B$6) -> 0.96763924 | S19: =POWER($C$6,$D19/$B$6) -> 0.91601502 | T19: =POWER($C$7,$B19/$B$7) -> 0.99498684 | U19: =POWER($C$7,$C19/$B$7) -> 0.97295905 | V19: =POWER($C$7,$D19/$B$7) -> 0.92950592
A20: =Tabelle2!A11 -> Archaeopteryx | B20: =Tabelle2!$N11+(B$11*Tabelle2!$O11) -> 990 | C20: =Tabelle2!$N11+(C$11*Tabelle2!$O11) -> 5400 | D20: =Tabelle2!$N11+(D$11*Tabelle2!$O11) -> 14400 | E20: =POWER($C$2,$B20/$B$2) -> 0.9702955 | F20: =POWER($C$2,$C20/$B$2) -> 0.84833496 | G20: =POWER($C$2,$D20/$B$2) -> 0.64493059 | H20: =POWER($C$3,$B20/$B$3) -> 0.98503579 | I20: =POWER($C$3,$C20/$B$3) -> 0.92105101 | J20: =POWER($C$3,$D20/$B$3) -> 0.8030757 | K20: =POWER($C$4,$B20/$B$4) -> 0.98999881 | L20: =POWER($C$4,$C20/$B$4) -> 0.94664931 | M20: =POWER($C$4,$D20/$B$4) -> 0.86398126 | N20: =POWER($C$5,$B20/$B$5) -> 0.99248969 | O20: =POWER($C$5,$C20/$B$5) -> 0.95971402 | P20: =POWER($C$5,$D20/$B$5) -> 0.89614491 | Q20: =POWER($C$6,$B20/$B$6) -> 0.99398723 | R20: =POWER($C$6,$C20/$B$6) -> 0.96763924 | S20: =POWER($C$6,$D20/$B$6) -> 0.91601502 | T20: =POWER($C$7,$B20/$B$7) -> 0.99498684 | U20: =POWER($C$7,$C20/$B$7) -> 0.97295905 | V20: =POWER($C$7,$D20/$B$7) -> 0.92950592
A21: =Tabelle2!A12 -> Archelon | B21: =Tabelle2!$N12+(B$11*Tabelle2!$O12) -> 3850 | C21: =Tabelle2!$N12+(C$11*Tabelle2!$O12) -> 21000 | D21: =Tabelle2!$N12+(D$11*Tabelle2!$O12) -> 56000 | E21: =POWER($C$2,$B21/$B$2) -> 0.88934686 | F21: =POWER($C$2,$C21/$B$2) -> 0.52748051 | G21: =POWER($C$2,$D21/$B$2) -> 0.18164235 | H21: =POWER($C$3,$B21/$B$3) -> 0.94305189 | I21: =POWER($C$3,$C21/$B$3) -> 0.72627854 | J21: =POWER($C$3,$D21/$B$3) -> 0.42619521 | K21: =POWER($C$4,$B21/$B$4) -> 0.96166481 | L21: =POWER($C$4,$C21/$B$4) -> 0.80798284 | M21: =POWER($C$4,$D21/$B$4) -> 0.56633366 | N21: =POWER($C$5,$B21/$B$5) -> 0.97110859 | O21: =POWER($C$5,$C21/$B$5) -> 0.85221977 | P21: =POWER($C$5,$D21/$B$5) -> 0.65283628 | Q21: =POWER($C$6,$B21/$B$6) -> 0.97681931 | R21: =POWER($C$6,$C21/$B$6) -> 0.87991614 | S21: =POWER($C$6,$D21/$B$6) -> 0.71095715 | T21: =POWER($C$7,$B21/$B$7) -> 0.9806451 | U21: =POWER($C$7,$C21/$B$7) -> 0.89887866 | V21: =POWER($C$7,$D21/$B$7) -> 0.75255143
A22: =Tabelle2!A13 -> Argentavis | B22: =Tabelle2!$N13+(B$11*Tabelle2!$O13) -> 2200 | C22: =Tabelle2!$N13+(C$11*Tabelle2!$O13) -> 12000 | D22: =Tabelle2!$N13+(D$11*Tabelle2!$O13) -> 32000 | E22: =POWER($C$2,$B22/$B$2) -> 0.93518561 | F22: =POWER($C$2,$C22/$B$2) -> 0.69384236 | G22: =POWER($C$2,$D22/$B$2) -> 0.37730755 | H22: =POWER($C$3,$B22/$B$3) -> 0.96704995 | I22: =POWER($C$3,$C22/$B$3) -> 0.832972 | J22: =POWER($C$3,$D22/$B$3) -> 0.61425365 | K22: =POWER($C$4,$B22/$B$4) -> 0.97791087 | L22: =POWER($C$4,$C22/$B$4) -> 0.88529281 | M22: =POWER($C$4,$D22/$B$4) -> 0.7226009 | N22: =POWER($C$5,$B22/$B$5) -> 0.98338698 | O22: =POWER($C$5,$C22/$B$5) -> 0.912673 | P22: =POWER($C$5,$D22/$B$5) -> 0.78374336 | Q22: =POWER($C$6,$B22/$B$6) -> 0.98668736 | R22: =POWER($C$6,$C22/$B$6) -> 0.92950592 | S22: =POWER($C$6,$D22/$B$6) -> 0.82288491 | T22: =POWER($C$7,$B22/$B$7) -> 0.98889376 | U22: =POWER($C$7,$C22/$B$7) -> 0.9409 | V22: =POWER($C$7,$D22/$B$7) -> 0.85005935
A23: =Tabelle2!A14 -> Armadoggo | B23: =Tabelle2!$N14+(B$11*Tabelle2!$O14) -> 1320 | C23: =Tabelle2!$N14+(C$11*Tabelle2!$O14) -> 7200 | D23: =Tabelle2!$N14+(D$11*Tabelle2!$O14) -> 19200 | E23: =POWER($C$2,$B23/$B$2) -> 0.96059139 | F23: =POWER($C$2,$C23/$B$2) -> 0.8030757 | G23: =POWER($C$2,$D23/$B$2) -> 0.55720794 | H23: =POWER($C$3,$B23/$B$3) -> 0.98009764 | I23: =POWER($C$3,$C23/$B$3) -> 0.89614491 | J23: =POWER($C$3,$D23/$B$3) -> 0.74646362 | K23: =POWER($C$4,$B23/$B$4) -> 0.98668736 | L23: =POWER($C$4,$C23/$B$4) -> 0.92950592 | M23: =POWER($C$4,$D23/$B$4) -> 0.82288491 | N23: =POWER($C$5,$B23/$B$5) -> 0.98999881 | O23: =POWER($C$5,$C23/$B$5) -> 0.94664931 | P23: =POWER($C$5,$D23/$B$5) -> 0.86398126 | Q23: =POWER($C$6,$B23/$B$6) -> 0.99199101 | R23: =POWER($C$6,$C23/$B$6) -> 0.95708674 | S23: =POWER($C$6,$D23/$B$6) -> 0.88961779 | T23: =POWER($C$7,$B23/$B$7) -> 0.99332138 | U23: =POWER($C$7,$C23/$B$7) -> 0.96410888 | V23: =POWER($C$7,$D23/$B$7) -> 0.90713004
... A29: =Tabelle2!A20 -> Attack Drone | B29: =Tabelle2!$N20+(B$11*Tabelle2!$O20) -> 1600 | C29: =Tabelle2!$N20+(C$11*Tabelle2!$O20) -> 1600 | D29: =Tabelle2!$N20+(D$11*Tabelle2!$O20) -> 1600 | E29: =POWER($C$2,$B29/$B$2) -> 0.95243375 | F29: =POWER($C$2,$C29/$B$2) -> 0.95243375 | G29: =POWER($C$2,$D29/$B$2) -> 0.95243375 | H29: =POWER($C$3,$B29/$B$3) -> 0.97592712 | I29: =POWER($C$3,$C29/$B$3) -> 0.97592712 | J29: =POWER($C$3,$D29/$B$3) -> 0.97592712 | K29: =POWER($C$4,$B29/$B$4) -> 0.98388633 | L29: =POWER($C$4,$C29/$B$4) -> 0.98388633 | M29: =POWER($C$4,$D29/$B$4) -> 0.98388633 | N29: =POWER($C$5,$B29/$B$5) -> 0.98789024 | O29: =POWER($C$5,$C29/$B$5) -> 0.98789024 | P29: =POWER($C$5,$D29/$B$5) -> 0.98789024 | Q29: =POWER($C$6,$B29/$B$6) -> 0.9903004 | R29: =POWER($C$6,$C29/$B$6) -> 0.9903004 | S29: =POWER($C$6,$D29/$B$6) -> 0.9903004 | T29: =POWER($C$7,$B29/$B$7) -> 0.99191044 | U29: =POWER($C$7,$C29/$B$7) -> 0.99191044 | V29: =POWER($C$7,$D29/$B$7) -> 0.99191044
A30: =Tabelle2!A33 -> Baryonyx | B30: =Tabelle2!$N33+(B$11*Tabelle2!$O33) -> 2475 | C30: =Tabelle2!$N33+(C$11*Tabelle2!$O33) -> 13500 | D30: =Tabelle2!$N33+(D$11*Tabelle2!$O33) -> 36000 | E30: =POWER($C$2,$B30/$B$2) -> 0.92738495 | F30: =POWER($C$2,$C30/$B$2) -> 0.66285481 | G30: =POWER($C$2,$D30/$B$2) -> 0.33402766 | H30: =POWER($C$3,$B30/$B$3) -> 0.96300828 | I30: =POWER($C$3,$C30/$B$3) -> 0.81415896 | J30: =POWER($C$3,$D30/$B$3) -> 0.57795126 | K30: =POWER($C$4,$B30/$B$4) -> 0.97518426 | L30: =POWER($C$4,$C30/$B$4) -> 0.8719123 | M30: =POWER($C$4,$D30/$B$4) -> 0.69384236 | N30: =POWER($C$5,$B30/$B$5) -> 0.98132985 | O30: =POWER($C$5,$C30/$B$5) -> 0.90230757 | P30: =POWER($C$5,$D30/$B$5) -> 0.76023106 | Q30: =POWER($C$6,$B30/$B$6) -> 0.98503579 | R30: =POWER($C$6,$C30/$B$6) -> 0.92105101 | S30: =POWER($C$6,$D30/$B$6) -> 0.8030757 | T30: =POWER($C$7,$B30/$B$7) -> 0.98751418 | U30: =POWER($C$7,$C30/$B$7) -> 0.93376244 | V30: =POWER($C$7,$D30/$B$7) -> 0.832972
A31: =Tabelle2!A34 -> Basilisk | B31: =Tabelle2!$N34+(B$11*Tabelle2!$O34) -> 2750 | C31: =Tabelle2!$N34+(C$11*Tabelle2!$O34) -> 15000 | D31: =Tabelle2!$N34+(D$11*Tabelle2!$O34) -> 40000 | E31: =POWER($C$2,$B31/$B$2) -> 0.91964935 | F31: =POWER($C$2,$C31/$B$2) -> 0.63325119 | G31: =POWER($C$2,$D31/$B$2) -> 0.29571229 | H31: =POWER($C$3,$B31/$B$3) -> 0.9589835 | I31: =POWER($C$3,$C31/$B$3) -> 0.79577081 | J31: =POWER($C$3,$D31/$B$3) -> 0.54379434 | K31: =POWER($C$4,$B31/$B$4) -> 0.97246525 | L31: =POWER($C$4,$C31/$B$4) -> 0.85873403 | M31: =POWER($C$4,$D31/$B$4) -> 0.66622837 | N31: =POWER($C$5,$B31/$B$5) -> 0.97927703 | O31: =POWER($C$5,$C31/$B$5) -> 0.89205987 | P31: =POWER($C$5,$D31/$B$5) -> 0.73742413 | Q31: =POWER($C$6,$B31/$B$6) -> 0.98338698 | R31: =POWER($C$6,$C31/$B$6) -> 0.912673 | S31: =POWER($C$6,$D31/$B$6) -> 0.78374336 | T31: =POWER($C$7,$B31/$B$7) -> 0.98613653 | U31: =POWER($C$7,$C31/$B$7) -> 0.92667903 | V31: =POWER($C$7,$D31/$B$7) -> 0.81622814
A32: =Tabelle2!A35 -> Basilosaurus | B32: =Tabelle2!$N35+(B$11*Tabelle2!$O35) -> 8800 | C32: =Tabelle2!$N35+(C$11*Tabelle2!$O35) -> 48000 | D32: =Tabelle2!$N35+(D$11*Tabelle2!$O35) -> 128000 | E32: =POWER($C$2,$B32/$B$2) -> 0.7648764 | F32: =POWER($C$2,$C32/$B$2) -> 0.23176254 | G32: =POWER($C$2,$D32/$B$2) -> 0.020266651 | H32: =POWER($C$3,$B32/$B$3) -> 0.87457212 | I32: =POWER($C$3,$C32/$B$3) -> 0.48141722 | J32: =POWER($C$3,$D32/$B$3) -> 0.14236099 | K32: =POWER($C$4,$B32/$B$4) -> 0.91452817 | L32: =POWER($C$4,$C32/$B$4) -> 0.61425365 | M32: =POWER($C$4,$D32/$B$4) -> 0.27264278 | N32: =POWER($C$5,$B32/$B$5) -> 0.93518561 | O32: =POWER($C$5,$C32/$B$5) -> 0.69384236 | P32: =POWER($C$5,$D32/$B$5) -> 0.37730755 | Q32: =POWER($C$6,$B32/$B$6) -> 0.94780338 | R32: =POWER($C$6,$C32/$B$6) -> 0.74646362 | S32: =POWER($C$6,$D32/$B$6) -> 0.45851801 | T32: =POWER($C$7,$B32/$B$7) -> 0.95630966 | U32: =POWER($C$7,$C32/$B$7) -> 0.78374336 | V32: =POWER($C$7,$D32/$B$7) -> 0.52215206
A33: =Tabelle2!A36 -> Beelzebufo | B33: =Tabelle2!$N36+(B$11*Tabelle2!$O36) -> 1650 | C33: =Tabelle2!$N36+(C$11*Tabelle2!$O36) -> 9000 | D33: =Tabelle2!$N36+(D$11*Tabelle2!$O36) -> 24000 | E33: =POWER($C$2,$B33/$B$2) -> 0.95098433 | F33: =POWER($C$2,$C33/$B$2) -> 0.76023106 | G33: =POWER($C$2,$D33/$B$2) -> 0.48141722 | H33: =POWER($C$3,$B33/$B$3) -> 0.97518426 | I33: =POWER($C$3,$C33/$B$3) -> 0.8719123 | J33: =POWER($C$3,$D33/$B$3) -> 0.69384236 | K33: =POWER($C$4,$B33/$B$4) -> 0.98338698 | L33: =POWER($C$4,$C33/$B$4) -> 0.912673 | M33: =POWER($C$4,$D33/$B$4) -> 0.78374336 | N33: =POWER($C$5,$B33/$B$5) -> 0.98751418 | O33: =POWER($C$5,$C33/$B$5) -> 0.93376244 | P33: =POWER($C$5,$D33/$B$5) -> 0.832972 | Q33: =POWER($C$6,$B33/$B$6) -> 0.98999881 | R33: =POWER($C$6,$C33/$B$6) -> 0.94664931 | S33: =POWER($C$6,$D33/$B$6) -> 0.86398126 | T33: =POWER($C$7,$B33/$B$7) -> 0.9916587 | U33: =POWER($C$7,$C33/$B$7) -> 0.95533921 | V33: =POWER($C$7,$D33/$B$7) -> 0.88529281
A34: =Tabelle2!A37 -> Beyla | B34: =Tabelle2!$N37+(B$11*Tabelle2!$O37) -> 1500 | C34: =Tabelle2!$N37+(C$11*Tabelle2!$O37) -> 1500 | D34: =Tabelle2!$N37+(D$11*Tabelle2!$O37) -> 1500 | E34: =POWER($C$2,$B34/$B$2) -> 0.95533921 | F34: =POWER($C$2,$C34/$B$2) -> 0.95533921 | G34: =POWER($C$2,$D34/$B$2) -> 0.95533921 | H34: =POWER($C$3,$B34/$B$3) -> 0.97741455 | I34: =POWER($C$3,$C34/$B$3) -> 0.97741455 | J34: =POWER($C$3,$D34/$B$3) -> 0.97741455 | K34: =POWER($C$4,$B34/$B$4) -> 0.98488578 | L34: =POWER($C$4,$C34/$B$4) -> 0.98488578 | M34: =POWER($C$4,$D34/$B$4) -> 0.98488578 | N34: =POWER($C$5,$B34/$B$5) -> 0.98864278 | O34: =POWER($C$5,$C34/$B$5) -> 0.98864278 | P34: =POWER($C$5,$D34/$B$5) -> 0.98864278 | Q34: =POWER($C$6,$B34/$B$6) -> 0.99090386 | R34: =POWER($C$6,$C34/$B$6) -> 0.99090386 | S34: =POWER($C$6,$D34/$B$6) -> 0.99090386 | T34: =POWER($C$7,$B34/$B$7) -> 0.99241412 | U34: =POWER($C$7,$C34/$B$7) -> 0.99241412 | V34: =POWER($C$7,$D34/$B$7) -> 0.99241412
A35: =Tabelle2!A38 -> Bison | B35: =Tabelle2!$N38+(B$11*Tabelle2!$O38) -> 3575 | C35: =Tabelle2!$N38+(C$11*Tabelle2!$O38) -> 19500 | D35: =Tabelle2!$N38+(D$11*Tabelle2!$O38) -> 52000 | E35: =POWER($C$2,$B35/$B$2) -> 0.89682757 | F35: =POWER($C$2,$C35/$B$2) -> 0.5521395 | G35: =POWER($C$2,$D35/$B$2) -> 0.20517771 | H35: =POWER($C$3,$B35/$B$3) -> 0.9470098 | I35: =POWER($C$3,$C35/$B$3) -> 0.7430609 | J35: =POWER($C$3,$D35/$B$3) -> 0.45296546 | K35: =POWER($C$4,$B35/$B$4) -> 0.96435362 | L35: =POWER($C$4,$C35/$B$4) -> 0.82038228 | M35: =POWER($C$4,$D35/$B$4) -> 0.58980719 | N35: =POWER($C$5,$B35/$B$5) -> 0.97314429 | O35: =POWER($C$5,$C35/$B$5) -> 0.8620098 | P35: =POWER($C$5,$D35/$B$5) -> 0.67302709 | Q35: =POWER($C$6,$B35/$B$6) -> 0.9784571 | R35: =POWER($C$6,$C35/$B$6) -> 0.88799345 | S35: =POWER($C$6,$D35/$B$6) -> 0.7284941 | T35: =POWER($C$7,$B35/$B$7) -> 0.98201508 | U35: =POWER($C$7,$C35/$B$7) -> 0.90574957 | V35: =POWER($C$7,$D35/$B$7) -> 0.76798905
A36: =Tabelle2!A39 -> Bloodstalker | B36: =Tabelle2!$N39+(B$11*Tabelle2!$O39) -> 1320 | C36: =Tabelle2!$N39+(C$11*Tabelle2!$O39) -> 7200 | D36: =Tabelle2!$N39+(D$11*Tabelle2!$O39) -> 19200 | E36: =POWER($C$2,$B36/$B$2) -> 0.96059139 | F36: =POWER($C$2,$C36/$B$2) -> 0.8030757 | G36: =POWER($C$2,$D36/$B$2) -> 0.55720794 | H36: =POWER($C$3,$B36/$B$3) -> 0.98009764 | I36: =POWER($C$3,$C36/$B$3) -> 0.89614491 | J36: =POWER($C$3,$D36/$B$3) -> 0.74646362 | K36: =POWER($C$4,$B36/$B$4) -> 0.98668736 | L36: =POWER($C$4,$C36/$B$4) -> 0.92950592 | M36: =POWER($C$4,$D36/$B$4) -> 0.82288491 | N36: =POWER($C$5,$B36/$B$5) -> 0.98999881 | O36: =POWER($C$5,$C36/$B$5) -> 0.94664931 | P36: =POWER($C$5,$D36/$B$5) -> 0.86398126 | Q36: =POWER($C$6,$B36/$B$6) -> 0.99199101 | R36: =POWER($C$6,$C36/$B$6) -> 0.95708674 | S36: =POWER($C$6,$D36/$B$6) -> 0.88961779 | T36: =POWER($C$7,$B36/$B$7) -> 0.99332138 | U36: =POWER($C$7,$C36/$B$7) -> 0.96410888 | V36: =POWER($C$7,$D36/$B$7) -> 0.90713004
A37: =Tabelle2!A40 -> Brontosaurus | B37: =Tabelle2!$N40+(B$11*Tabelle2!$O40) -> 11000 | C37: =Tabelle2!$N40+(C$11*Tabelle2!$O40) -> 60000 | D37: =Tabelle2!$N40+(D$11*Tabelle2!$O40) -> 160000 | E37: =POWER($C$2,$B37/$B$2) -> 0.7153014 | F37: =POWER($C$2,$C37/$B$2) -> 0.16080667 | G37: =POWER($C$2,$D37/$B$2) -> 0.0076467604 | H37: =POWER($C$3,$B37/$B$3) -> 0.84575493 | I37: =POWER($C$3,$C37/$B$3) -> 0.40100707 | J37: =POWER($C$3,$D37/$B$3) -> 0.087445757 | K37: =POWER($C$4,$B37/$B$4) -> 0.89432703 | L37: =POWER($C$4,$C37/$B$4) -> 0.54379434 | M37: =POWER($C$4,$D37/$B$4) -> 0.19701192 | N37: =POWER($C$5,$B37/$B$5) -> 0.91964935 | O37: =POWER($C$5,$C37/$B$5) -> 0.63325119 | P37: =POWER($C$5,$D37/$B$5) -> 0.29571229 | Q37: =POWER($C$6,$B37/$B$6) -> 0.93518561 | R37: =POWER($C$6,$C37/$B$6) -> 0.69384236 | S37: =POWER($C$6,$D37/$B$6) -> 0.37730755 | T37: =POWER($C$7,$B37/$B$7) -> 0.94568866 | U37: =POWER($C$7,$C37/$B$7) -> 0.73742413 | V37: =POWER($C$7,$D37/$B$7) -> 0.44386024
A38: =Tabelle2!A41 -> Broodmother Lysrix | B38: =Tabelle2!$N41+(B$11*Tabelle2!$O41) -> 1500 | C38: =Tabelle2!$N41+(C$11*Tabelle2!$O41) -> 1500 | D38: =Tabelle2!$N41+(D$11*Tabelle2!$O41) -> 1500 | E38: =POWER($C$2,$B38/$B$2) -> 0.95533921 | F38: =POWER($C$2,$C38/$B$2) -> 0.95533921 | G38: =POWER($C$2,$D38/$B$2) -> 0.95533921 | H38: =POWER($C$3,$B38/$B$3) -> 0.97741455 | I38: =POWER($C$3,$C38/$B$3) -> 0.97741455 | J38: =POWER($C$3,$D38/$B$3) -> 0.97741455 | K38: =POWER($C$4,$B38/$B$4) -> 0.98488578 | L38: =POWER($C$4,$C38/$B$4) -> 0.98488578 | M38: =POWER($C$4,$D38/$B$4) -> 0.98488578 | N38: =POWER($C$5,$B38/$B$5) -> 0.98864278 | O38: =POWER($C$5,$C38/$B$5) -> 0.98864278 | P38: =POWER($C$5,$D38/$B$5) -> 0.98864278 | Q38: =POWER($C$6,$B38/$B$6) -> 0.99090386 | R38: =POWER($C$6,$C38/$B$6) -> 0.99090386 | S38: =POWER($C$6,$D38/$B$6) -> 0.99090386 | T38: =POWER($C$7,$B38/$B$7) -> 0.99241412 | U38: =POWER($C$7,$C38/$B$7) -> 0.99241412 | V38: =POWER($C$7,$D38/$B$7) -> 0.99241412
A39: =Tabelle2!A42 -> Broodmother Lysrix | B39: =Tabelle2!$N42+(B$11*Tabelle2!$O42) -> 1500 | C39: =Tabelle2!$N42+(C$11*Tabelle2!$O42) -> 1500 | D39: =Tabelle2!$N42+(D$11*Tabelle2!$O42) -> 1500 | E39: =POWER($C$2,$B39/$B$2) -> 0.95533921 | F39: =POWER($C$2,$C39/$B$2) -> 0.95533921 | G39: =POWER($C$2,$D39/$B$2) -> 0.95533921 | H39: =POWER($C$3,$B39/$B$3) -> 0.97741455 | I39: =POWER($C$3,$C39/$B$3) -> 0.97741455 | J39: =POWER($C$3,$D39/$B$3) -> 0.97741455 | K39: =POWER($C$4,$B39/$B$4) -> 0.98488578 | L39: =POWER($C$4,$C39/$B$4) -> 0.98488578 | M39: =POWER($C$4,$D39/$B$4) -> 0.98488578 | N39: =POWER($C$5,$B39/$B$5) -> 0.98864278 | O39: =POWER($C$5,$C39/$B$5) -> 0.98864278 | P39: =POWER($C$5,$D39/$B$5) -> 0.98864278 | Q39: =POWER($C$6,$B39/$B$6) -> 0.99090386 | R39: =POWER($C$6,$C39/$B$6) -> 0.99090386 | S39: =POWER($C$6,$D39/$B$6) -> 0.99090386 | T39: =POWER($C$7,$B39/$B$7) -> 0.99241412 | U39: =POWER($C$7,$C39/$B$7) -> 0.99241412 | V39: =POWER($C$7,$D39/$B$7) -> 0.99241412
A40: =Tabelle2!A43 -> Broodmother Lysrix | B40: =Tabelle2!$N43+(B$11*Tabelle2!$O43) -> 1500 | C40: =Tabelle2!$N43+(C$11*Tabelle2!$O43) -> 1500 | D40: =Tabelle2!$N43+(D$11*Tabelle2!$O43) -> 1500 | E40: =POWER($C$2,$B40/$B$2) -> 0.95533921 | F40: =POWER($C$2,$C40/$B$2) -> 0.95533921 | G40: =POWER($C$2,$D40/$B$2) -> 0.95533921 | H40: =POWER($C$3,$B40/$B$3) -> 0.97741455 | I40: =POWER($C$3,$C40/$B$3) -> 0.97741455 | J40: =POWER($C$3,$D40/$B$3) -> 0.97741455 | K40: =POWER($C$4,$B40/$B$4) -> 0.98488578 | L40: =POWER($C$4,$C40/$B$4) -> 0.98488578 | M40: =POWER($C$4,$D40/$B$4) -> 0.98488578 | N40: =POWER($C$5,$B40/$B$5) -> 0.98864278 | O40: =POWER($C$5,$C40/$B$5) -> 0.98864278 | P40: =POWER($C$5,$D40/$B$5) -> 0.98864278 | Q40: =POWER($C$6,$B40/$B$6) -> 0.99090386 | R40: =POWER($C$6,$C40/$B$6) -> 0.99090386 | S40: =POWER($C$6,$D40/$B$6) -> 0.99090386 | T40: =POWER($C$7,$B40/$B$7) -> 0.99241412 | U40: =POWER($C$7,$C40/$B$7) -> 0.99241412 | V40: =POWER($C$7,$D40/$B$7) -> 0.99241412
A41: =Tabelle2!A44 -> Broodmother Lysrix | B41: =Tabelle2!$N44+(B$11*Tabelle2!$O44) -> 1500 | C41: =Tabelle2!$N44+(C$11*Tabelle2!$O44) -> 1500 | D41: =Tabelle2!$N44+(D$11*Tabelle2!$O44) -> 1500 | E41: =POWER($C$2,$B41/$B$2) -> 0.95533921 | F41: =POWER($C$2,$C41/$B$2) -> 0.95533921 | G41: =POWER($C$2,$D41/$B$2) -> 0.95533921 | H41: =POWER($C$3,$B41/$B$3) -> 0.97741455 | I41: =POWER($C$3,$C41/$B$3) -> 0.97741455 | J41: =POWER($C$3,$D41/$B$3) -> 0.97741455 | K41: =POWER($C$4,$B41/$B$4) -> 0.98488578 | L41: =POWER($C$4,$C41/$B$4) -> 0.98488578 | M41: =POWER($C$4,$D41/$B$4) -> 0.98488578 | N41: =POWER($C$5,$B41/$B$5) -> 0.98864278 | O41: =POWER($C$5,$C41/$B$5) -> 0.98864278 | P41: =POWER($C$5,$D41/$B$5) -> 0.98864278 | Q41: =POWER($C$6,$B41/$B$6) -> 0.99090386 | R41: =POWER($C$6,$C41/$B$6) -> 0.99090386 | S41: =POWER($C$6,$D41/$B$6) -> 0.99090386 | T41: =POWER($C$7,$B41/$B$7) -> 0.99241412 | U41: =POWER($C$7,$C41/$B$7) -> 0.99241412 | V41: =POWER($C$7,$D41/$B$7) -> 0.99241412
... A69: =Tabelle2!A72 -> Defense Unit | B69: =Tabelle2!$N72+(B$11*Tabelle2!$O72) -> 3000 | C69: =Tabelle2!$N72+(C$11*Tabelle2!$O72) -> 3000 | D69: =Tabelle2!$N72+(D$11*Tabelle2!$O72) -> 3000 | E69: =POWER($C$2,$B69/$B$2) -> 0.912673 | F69: =POWER($C$2,$C69/$B$2) -> 0.912673 | G69: =POWER($C$2,$D69/$B$2) -> 0.912673 | H69: =POWER($C$3,$B69/$B$3) -> 0.95533921 | I69: =POWER($C$3,$C69/$B$3) -> 0.95533921 | J69: =POWER($C$3,$D69/$B$3) -> 0.95533921 | K69: =POWER($C$4,$B69/$B$4) -> 0.97 | L69: =POWER($C$4,$C69/$B$4) -> 0.97 | M69: =POWER($C$4,$D69/$B$4) -> 0.97 | N69: =POWER($C$5,$B69/$B$5) -> 0.97741455 | O69: =POWER($C$5,$C69/$B$5) -> 0.97741455 | P69: =POWER($C$5,$D69/$B$5) -> 0.97741455 | Q69: =POWER($C$6,$B69/$B$6) -> 0.98189046 | R69: =POWER($C$6,$C69/$B$6) -> 0.98189046 | S69: =POWER($C$6,$D69/$B$6) -> 0.98189046 | T69: =POWER($C$7,$B69/$B$7) -> 0.98488578 | U69: =POWER($C$7,$C69/$B$7) -> 0.98488578 | V69: =POWER($C$7,$D69/$B$7) -> 0.98488578
A70: =Tabelle2!A85 -> Deinonychus | B70: =Tabelle2!$N85+(B$11*Tabelle2!$O85) -> 1320 | C70: =Tabelle2!$N85+(C$11*Tabelle2!$O85) -> 7200 | D70: =Tabelle2!$N85+(D$11*Tabelle2!$O85) -> 19200 | E70: =POWER($C$2,$B70/$B$2) -> 0.96059139 | F70: =POWER($C$2,$C70/$B$2) -> 0.8030757 | G70: =POWER($C$2,$D70/$B$2) -> 0.55720794 | H70: =POWER($C$3,$B70/$B$3) -> 0.98009764 | I70: =POWER($C$3,$C70/$B$3) -> 0.89614491 | J70: =POWER($C$3,$D70/$B$3) -> 0.74646362 | K70: =POWER($C$4,$B70/$B$4) -> 0.98668736 | L70: =POWER($C$4,$C70/$B$4) -> 0.92950592 | M70: =POWER($C$4,$D70/$B$4) -> 0.82288491 | N70: =POWER($C$5,$B70/$B$5) -> 0.98999881 | O70: =POWER($C$5,$C70/$B$5) -> 0.94664931 | P70: =POWER($C$5,$D70/$B$5) -> 0.86398126 | Q70: =POWER($C$6,$B70/$B$6) -> 0.99199101 | R70: =POWER($C$6,$C70/$B$6) -> 0.95708674 | S70: =POWER($C$6,$D70/$B$6) -> 0.88961779 | T70: =POWER($C$7,$B70/$B$7) -> 0.99332138 | U70: =POWER($C$7,$C70/$B$7) -> 0.96410888 | V70: =POWER($C$7,$D70/$B$7) -> 0.90713004
A71: =Tabelle2!A86 -> Desert Titan Flock | B71: =Tabelle2!$N86+(B$11*Tabelle2!$O86) -> 100 | C71: =Tabelle2!$N86+(C$11*Tabelle2!$O86) -> 100 | D71: =Tabelle2!$N86+(D$11*Tabelle2!$O86) -> 100 | E71: =POWER($C$2,$B71/$B$2) -> 0.99695871 | F71: =POWER($C$2,$C71/$B$2) -> 0.99695871 | G71: =POWER($C$2,$D71/$B$2) -> 0.99695871 | H71: =POWER($C$3,$B71/$B$3) -> 0.9984782 | I71: =POWER($C$3,$C71/$B$3) -> 0.9984782 | J71: =POWER($C$3,$D71/$B$3) -> 0.9984782 | K71: =POWER($C$4,$B71/$B$4) -> 0.99898521 | L71: =POWER($C$4,$C71/$B$4) -> 0.99898521 | M71: =POWER($C$4,$D71/$B$4) -> 0.99898521 | N71: =POWER($C$5,$B71/$B$5) -> 0.99923881 | O71: =POWER($C$5,$C71/$B$5) -> 0.99923881 | P71: =POWER($C$5,$D71/$B$5) -> 0.99923881 | Q71: =POWER($C$6,$B71/$B$6) -> 0.999391 | R71: =POWER($C$6,$C71/$B$6) -> 0.999391 | S71: =POWER($C$6,$D71/$B$6) -> 0.999391 | T71: =POWER($C$7,$B71/$B$7) -> 0.99949248 | U71: =POWER($C$7,$C71/$B$7) -> 0.99949248 | V71: =POWER($C$7,$D71/$B$7) -> 0.99949248
A72: =Tabelle2!A88 -> Desert Titan | B72: =Tabelle2!$N88+(B$11*Tabelle2!$O88) -> 864 | C72: =Tabelle2!$N88+(C$11*Tabelle2!$O88) -> 864 | D72: =Tabelle2!$N88+(D$11*Tabelle2!$O88) -> 864 | E72: =POWER($C$2,$B72/$B$2) -> 0.97402651 | F72: =POWER($C$2,$C72/$B$2) -> 0.97402651 | G72: =POWER($C$2,$D72/$B$2) -> 0.97402651 | H72: =POWER($C$3,$B72/$B$3) -> 0.98692782 | I72: =POWER($C$3,$C72/$B$3) -> 0.98692782 | J72: =POWER($C$3,$D72/$B$3) -> 0.98692782 | K72: =POWER($C$4,$B72/$B$4) -> 0.99126611 | L72: =POWER($C$4,$C72/$B$4) -> 0.99126611 | M72: =POWER($C$4,$D72/$B$4) -> 0.99126611 | N72: =POWER($C$5,$B72/$B$5) -> 0.99344241 | O72: =POWER($C$5,$C72/$B$5) -> 0.99344241 | P72: =POWER($C$5,$D72/$B$5) -> 0.99344241 | Q72: =POWER($C$6,$B72/$B$6) -> 0.99475048 | R72: =POWER($C$6,$C72/$B$6) -> 0.99475048 | S72: =POWER($C$6,$D72/$B$6) -> 0.99475048 | T72: =POWER($C$7,$B72/$B$7) -> 0.99562348 | U72: =POWER($C$7,$C72/$B$7) -> 0.99562348 | V72: =POWER($C$7,$D72/$B$7) -> 0.99562348
A73: =Tabelle2!A89 -> Desmodus | B73: =Tabelle2!$N89+(B$11*Tabelle2!$O89) -> 1760 | C73: =Tabelle2!$N89+(C$11*Tabelle2!$O89) -> 9600 | D73: =Tabelle2!$N89+(D$11*Tabelle2!$O89) -> 25600 | E73: =POWER($C$2,$B73/$B$2) -> 0.94780338 | F73: =POWER($C$2,$C73/$B$2) -> 0.74646362 | G73: =POWER($C$2,$D73/$B$2) -> 0.45851801 | H73: =POWER($C$3,$B73/$B$3) -> 0.97355194 | I73: =POWER($C$3,$C73/$B$3) -> 0.86398126 | J73: =POWER($C$3,$D73/$B$3) -> 0.67713958 | K73: =POWER($C$4,$B73/$B$4) -> 0.98228931 | L73: =POWER($C$4,$C73/$B$4) -> 0.90713004 | M73: =POWER($C$4,$D73/$B$4) -> 0.77111437 | N73: =POWER($C$5,$B73/$B$5) -> 0.98668736 | O73: =POWER($C$5,$C73/$B$5) -> 0.92950592 | P73: =POWER($C$5,$D73/$B$5) -> 0.82288491 | Q73: =POWER($C$6,$B73/$B$6) -> 0.98933563 | R73: =POWER($C$6,$C73/$B$6) -> 0.94319552 | S73: =POWER($C$6,$D73/$B$6) -> 0.85560099 | T73: =POWER($C$7,$B73/$B$7) -> 0.99110509 | U73: =POWER($C$7,$C73/$B$7) -> 0.95243375 | V73: =POWER($C$7,$D73/$B$7) -> 0.87813118
A74: =Tabelle2!A90 -> Dilophosaur | B74: =Tabelle2!$N90+(B$11*Tabelle2!$O90) -> 495 | C74: =Tabelle2!$N90+(C$11*Tabelle2!$O90) -> 2700 | D74: =Tabelle2!$N90+(D$11*Tabelle2!$O90) -> 7200 | E74: =POWER($C$2,$B74/$B$2) -> 0.98503579 | F74: =POWER($C$2,$C74/$B$2) -> 0.92105101 | G74: =POWER($C$2,$D74/$B$2) -> 0.8030757 | H74: =POWER($C$3,$B74/$B$3) -> 0.99248969 | I74: =POWER($C$3,$C74/$B$3) -> 0.95971402 | J74: =POWER($C$3,$D74/$B$3) -> 0.89614491 | K74: =POWER($C$4,$B74/$B$4) -> 0.99498684 | L74: =POWER($C$4,$C74/$B$4) -> 0.97295905 | M74: =POWER($C$4,$D74/$B$4) -> 0.92950592 | N74: =POWER($C$5,$B74/$B$5) -> 0.99623777 | O74: =POWER($C$5,$C74/$B$5) -> 0.97964995 | P74: =POWER($C$5,$D74/$B$5) -> 0.94664931 | Q74: =POWER($C$6,$B74/$B$6) -> 0.99698908 | R74: =POWER($C$6,$C74/$B$6) -> 0.98368656 | S74: =POWER($C$6,$D74/$B$6) -> 0.95708674 | T74: =POWER($C$7,$B74/$B$7) -> 0.99749027 | U74: =POWER($C$7,$C74/$B$7) -> 0.98638686 | V74: =POWER($C$7,$D74/$B$7) -> 0.96410888
A75: =Tabelle2!A91 -> Dimetrodon | B75: =Tabelle2!$N91+(B$11*Tabelle2!$O91) -> 1650 | C75: =Tabelle2!$N91+(C$11*Tabelle2!$O91) -> 9000 | D75: =Tabelle2!$N91+(D$11*Tabelle2!$O91) -> 24000 | E75: =POWER($C$2,$B75/$B$2) -> 0.95098433 | F75: =POWER($C$2,$C75/$B$2) -> 0.76023106 | G75: =POWER($C$2,$D75/$B$2) -> 0.48141722 | H75: =POWER($C$3,$B75/$B$3) -> 0.97518426 | I75: =POWER($C$3,$C75/$B$3) -> 0.8719123 | J75: =POWER($C$3,$D75/$B$3) -> 0.69384236 | K75: =POWER($C$4,$B75/$B$4) -> 0.98338698 | L75: =POWER($C$4,$C75/$B$4) -> 0.912673 | M75: =POWER($C$4,$D75/$B$4) -> 0.78374336 | N75: =POWER($C$5,$B75/$B$5) -> 0.98751418 | O75: =POWER($C$5,$C75/$B$5) -> 0.93376244 | P75: =POWER($C$5,$D75/$B$5) -> 0.832972 | Q75: =POWER($C$6,$B75/$B$6) -> 0.98999881 | R75: =POWER($C$6,$C75/$B$6) -> 0.94664931 | S75: =POWER($C$6,$D75/$B$6) -> 0.86398126 | T75: =POWER($C$7,$B75/$B$7) -> 0.9916587 | U75: =POWER($C$7,$C75/$B$7) -> 0.95533921 | V75: =POWER($C$7,$D75/$B$7) -> 0.88529281
A76: =Tabelle2!A92 -> Dimorphodon | B76: =Tabelle2!$N92+(B$11*Tabelle2!$O92) -> 990 | C76: =Tabelle2!$N92+(C$11*Tabelle2!$O92) -> 5400 | D76: =Tabelle2!$N92+(D$11*Tabelle2!$O92) -> 14400 | E76: =POWER($C$2,$B76/$B$2) -> 0.9702955 | F76: =POWER($C$2,$C76/$B$2) -> 0.84833496 | G76: =POWER($C$2,$D76/$B$2) -> 0.64493059 | H76: =POWER($C$3,$B76/$B$3) -> 0.98503579 | I76: =POWER($C$3,$C76/$B$3) -> 0.92105101 | J76: =POWER($C$3,$D76/$B$3) -> 0.8030757 | K76: =POWER($C$4,$B76/$B$4) -> 0.98999881 | L76: =POWER($C$4,$C76/$B$4) -> 0.94664931 | M76: =POWER($C$4,$D76/$B$4) -> 0.86398126 | N76: =POWER($C$5,$B76/$B$5) -> 0.99248969 | O76: =POWER($C$5,$C76/$B$5) -> 0.95971402 | P76: =POWER($C$5,$D76/$B$5) -> 0.89614491 | Q76: =POWER($C$6,$B76/$B$6) -> 0.99398723 | R76: =POWER($C$6,$C76/$B$6) -> 0.96763924 | S76: =POWER($C$6,$D76/$B$6) -> 0.91601502 | T76: =POWER($C$7,$B76/$B$7) -> 0.99498684 | U76: =POWER($C$7,$C76/$B$7) -> 0.97295905 | V76: =POWER($C$7,$D76/$B$7) -> 0.92950592
A77: =Tabelle2!A93 -> Dinopithecus | B77: =Tabelle2!$N93+(B$11*Tabelle2!$O93) -> 1320 | C77: =Tabelle2!$N93+(C$11*Tabelle2!$O93) -> 7200 | D77: =Tabelle2!$N93+(D$11*Tabelle2!$O93) -> 19200 | E77: =POWER($C$2,$B77/$B$2) -> 0.96059139 | F77: =POWER($C$2,$C77/$B$2) -> 0.8030757 | G77: =POWER($C$2,$D77/$B$2) -> 0.55720794 | H77: =POWER($C$3,$B77/$B$3) -> 0.98009764 | I77: =POWER($C$3,$C77/$B$3) -> 0.89614491 | J77: =POWER($C$3,$D77/$B$3) -> 0.74646362 | K77: =POWER($C$4,$B77/$B$4) -> 0.98668736 | L77: =POWER($C$4,$C77/$B$4) -> 0.92950592 | M77: =POWER($C$4,$D77/$B$4) -> 0.82288491 | N77: =POWER($C$5,$B77/$B$5) -> 0.98999881 | O77: =POWER($C$5,$C77/$B$5) -> 0.94664931 | P77: =POWER($C$5,$D77/$B$5) -> 0.86398126 | Q77: =POWER($C$6,$B77/$B$6) -> 0.99199101 | R77: =POWER($C$6,$C77/$B$6) -> 0.95708674 | S77: =POWER($C$6,$D77/$B$6) -> 0.88961779 | T77: =POWER($C$7,$B77/$B$7) -> 0.99332138 | U77: =POWER($C$7,$C77/$B$7) -> 0.96410888 | V77: =POWER($C$7,$D77/$B$7) -> 0.90713004
A78: =Tabelle2!A94 -> Dinopithecus King | B78: =Tabelle2!$N94+(B$11*Tabelle2!$O94) -> 2500 | C78: =Tabelle2!$N94+(C$11*Tabelle2!$O94) -> 2500 | D78: =Tabelle2!$N94+(D$11*Tabelle2!$O94) -> 2500 | E78: =POWER($C$2,$B78/$B$2) -> 0.92667903 | F78: =POWER($C$2,$C78/$B$2) -> 0.92667903 | G78: =POWER($C$2,$D78/$B$2) -> 0.92667903 | H78: =POWER($C$3,$B78/$B$3) -> 0.96264169 | I78: =POWER($C$3,$C78/$B$3) -> 0.96264169 | J78: =POWER($C$3,$D78/$B$3) -> 0.96264169 | K78: =POWER($C$4,$B78/$B$4) -> 0.97493676 | L78: =POWER($C$4,$C78/$B$4) -> 0.97493676 | M78: =POWER($C$4,$D78/$B$4) -> 0.97493676 | N78: =POWER($C$5,$B78/$B$5) -> 0.98114305 | O78: =POWER($C$5,$C78/$B$5) -> 0.98114305 | P78: =POWER($C$5,$D78/$B$5) -> 0.98114305 | Q78: =POWER($C$6,$B78/$B$6) -> 0.98488578 | R78: =POWER($C$6,$C78/$B$6) -> 0.98488578 | S78: =POWER($C$6,$D78/$B$6) -> 0.98488578 | T78: =POWER($C$7,$B78/$B$7) -> 0.98738886 | U78: =POWER($C$7,$C78/$B$7) -> 0.98738886 | V78: =POWER($C$7,$D78/$B$7) -> 0.98738886
A79: =Tabelle2!A95 -> Dinopithecus King | B79: =Tabelle2!$N95+(B$11*Tabelle2!$O95) -> 2500 | C79: =Tabelle2!$N95+(C$11*Tabelle2!$O95) -> 2500 | D79: =Tabelle2!$N95+(D$11*Tabelle2!$O95) -> 2500 | E79: =POWER($C$2,$B79/$B$2) -> 0.92667903 | F79: =POWER($C$2,$C79/$B$2) -> 0.92667903 | G79: =POWER($C$2,$D79/$B$2) -> 0.92667903 | H79: =POWER($C$3,$B79/$B$3) -> 0.96264169 | I79: =POWER($C$3,$C79/$B$3) -> 0.96264169 | J79: =POWER($C$3,$D79/$B$3) -> 0.96264169 | K79: =POWER($C$4,$B79/$B$4) -> 0.97493676 | L79: =POWER($C$4,$C79/$B$4) -> 0.97493676 | M79: =POWER($C$4,$D79/$B$4) -> 0.97493676 | N79: =POWER($C$5,$B79/$B$5) -> 0.98114305 | O79: =POWER($C$5,$C79/$B$5) -> 0.98114305 | P79: =POWER($C$5,$D79/$B$5) -> 0.98114305 | Q79: =POWER($C$6,$B79/$B$6) -> 0.98488578 | R79: =POWER($C$6,$C79/$B$6) -> 0.98488578 | S79: =POWER($C$6,$D79/$B$6) -> 0.98488578 | T79: =POWER($C$7,$B79/$B$7) -> 0.98738886 | U79: =POWER($C$7,$C79/$B$7) -> 0.98738886 | V79: =POWER($C$7,$D79/$B$7) -> 0.98738886
A80: =Tabelle2!A96 -> Dinopithecus King | B80: =Tabelle2!$N96+(B$11*Tabelle2!$O96) -> 2500 | C80: =Tabelle2!$N96+(C$11*Tabelle2!$O96) -> 2500 | D80: =Tabelle2!$N96+(D$11*Tabelle2!$O96) -> 2500 | E80: =POWER($C$2,$B80/$B$2) -> 0.92667903 | F80: =POWER($C$2,$C80/$B$2) -> 0.92667903 | G80: =POWER($C$2,$D80/$B$2) -> 0.92667903 | H80: =POWER($C$3,$B80/$B$3) -> 0.96264169 | I80: =POWER($C$3,$C80/$B$3) -> 0.96264169 | J80: =POWER($C$3,$D80/$B$3) -> 0.96264169 | K80: =POWER($C$4,$B80/$B$4) -> 0.97493676 | L80: =POWER($C$4,$C80/$B$4) -> 0.97493676 | M80: =POWER($C$4,$D80/$B$4) -> 0.97493676 | N80: =POWER($C$5,$B80/$B$5) -> 0.98114305 | O80: =POWER($C$5,$C80/$B$5) -> 0.98114305 | P80: =POWER($C$5,$D80/$B$5) -> 0.98114305 | Q80: =POWER($C$6,$B80/$B$6) -> 0.98488578 | R80: =POWER($C$6,$C80/$B$6) -> 0.98488578 | S80: =POWER($C$6,$D80/$B$6) -> 0.98488578 | T80: =POWER($C$7,$B80/$B$7) -> 0.98738886 | U80: =POWER($C$7,$C80/$B$7) -> 0.98738886 | V80: =POWER($C$7,$D80/$B$7) -> 0.98738886
A81: =Tabelle2!A97 -> Diplocaulus | B81: =Tabelle2!$N97+(B$11*Tabelle2!$O97) -> 1650 | C81: =Tabelle2!$N97+(C$11*Tabelle2!$O97) -> 9000 | D81: =Tabelle2!$N97+(D$11*Tabelle2!$O97) -> 24000 | E81: =POWER($C$2,$B81/$B$2) -> 0.95098433 | F81: =POWER($C$2,$C81/$B$2) -> 0.76023106 | G81: =POWER($C$2,$D81/$B$2) -> 0.48141722 | H81: =POWER($C$3,$B81/$B$3) -> 0.97518426 | I81: =POWER($C$3,$C81/$B$3) -> 0.8719123 | J81: =POWER($C$3,$D81/$B$3) -> 0.69384236 | K81: =POWER($C$4,$B81/$B$4) -> 0.98338698 | L81: =POWER($C$4,$C81/$B$4) -> 0.912673 | M81: =POWER($C$4,$D81/$B$4) -> 0.78374336 | N81: =POWER($C$5,$B81/$B$5) -> 0.98751418 | O81: =POWER($C$5,$C81/$B$5) -> 0.93376244 | P81: =POWER($C$5,$D81/$B$5) -> 0.832972 | Q81: =POWER($C$6,$B81/$B$6) -> 0.98999881 | R81: =POWER($C$6,$C81/$B$6) -> 0.94664931 | S81: =POWER($C$6,$D81/$B$6) -> 0.86398126 | T81: =POWER($C$7,$B81/$B$7) -> 0.9916587 | U81: =POWER($C$7,$C81/$B$7) -> 0.95533921 | V81: =POWER($C$7,$D81/$B$7) -> 0.88529281
A82: =Tabelle2!A98 -> Diplodocus | B82: =Tabelle2!$N98+(B$11*Tabelle2!$O98) -> 11000 | C82: =Tabelle2!$N98+(C$11*Tabelle2!$O98) -> 60000 | D82: =Tabelle2!$N98+(D$11*Tabelle2!$O98) -> 160000 | E82: =POWER($C$2,$B82/$B$2) -> 0.7153014 | F82: =POWER($C$2,$C82/$B$2) -> 0.16080667 | G82: =POWER($C$2,$D82/$B$2) -> 0.0076467604 | H82: =POWER($C$3,$B82/$B$3) -> 0.84575493 | I82: =POWER($C$3,$C82/$B$3) -> 0.40100707 | J82: =POWER($C$3,$D82/$B$3) -> 0.087445757 | K82: =POWER($C$4,$B82/$B$4) -> 0.89432703 | L82: =POWER($C$4,$C82/$B$4) -> 0.54379434 | M82: =POWER($C$4,$D82/$B$4) -> 0.19701192 | N82: =POWER($C$5,$B82/$B$5) -> 0.91964935 | O82: =POWER($C$5,$C82/$B$5) -> 0.63325119 | P82: =POWER($C$5,$D82/$B$5) -> 0.29571229 | Q82: =POWER($C$6,$B82/$B$6) -> 0.93518561 | R82: =POWER($C$6,$C82/$B$6) -> 0.69384236 | S82: =POWER($C$6,$D82/$B$6) -> 0.37730755 | T82: =POWER($C$7,$B82/$B$7) -> 0.94568866 | U82: =POWER($C$7,$C82/$B$7) -> 0.73742413 | V82: =POWER($C$7,$D82/$B$7) -> 0.44386024
A83: =Tabelle2!A99 -> Dire Bear | B83: =Tabelle2!$N99+(B$11*Tabelle2!$O99) -> 3300 | C83: =Tabelle2!$N99+(C$11*Tabelle2!$O99) -> 18000 | D83: =Tabelle2!$N99+(D$11*Tabelle2!$O99) -> 48000 | E83: =POWER($C$2,$B83/$B$2) -> 0.9043712 | F83: =POWER($C$2,$C83/$B$2) -> 0.57795126 | G83: =POWER($C$2,$D83/$B$2) -> 0.23176254 | H83: =POWER($C$3,$B83/$B$3) -> 0.95098433 | I83: =POWER($C$3,$C83/$B$3) -> 0.76023106 | J83: =POWER($C$3,$D83/$B$3) -> 0.48141722 | K83: =POWER($C$4,$B83/$B$4) -> 0.96704995 | L83: =POWER($C$4,$C83/$B$4) -> 0.832972 | M83: =POWER($C$4,$D83/$B$4) -> 0.61425365 | N83: =POWER($C$5,$B83/$B$5) -> 0.97518426 | O83: =POWER($C$5,$C83/$B$5) -> 0.8719123 | P83: =POWER($C$5,$D83/$B$5) -> 0.69384236 | Q83: =POWER($C$6,$B83/$B$6) -> 0.98009764 | R83: =POWER($C$6,$C83/$B$6) -> 0.89614491 | S83: =POWER($C$6,$D83/$B$6) -> 0.74646362 | T83: =POWER($C$7,$B83/$B$7) -> 0.98338698 | U83: =POWER($C$7,$C83/$B$7) -> 0.912673 | V83: =POWER($C$7,$D83/$B$7) -> 0.78374336
... A574: =Tabelle2!A590 -> 0 | B574: =Tabelle2!$N590+(B$11*Tabelle2!$O590) -> 0 | C574: =Tabelle2!$N590+(C$11*Tabelle2!$O590) -> 0 | D574: =Tabelle2!$N590+(D$11*Tabelle2!$O590) -> 0 | E574: =POWER($C$2,$B574/$B$2) -> 1 | F574: =POWER($C$2,$C574/$B$2) -> 1 | G574: =POWER($C$2,$D574/$B$2) -> 1 | H574: =POWER($C$3,$B574/$B$3) -> 1 | I574: =POWER($C$3,$C574/$B$3) -> 1 | J574: =POWER($C$3,$D574/$B$3) -> 1 | K574: =POWER($C$4,$B574/$B$4) -> 1 | L574: =POWER($C$4,$C574/$B$4) -> 1 | M574: =POWER($C$4,$D574/$B$4) -> 1 | N574: =POWER($C$5,$B574/$B$5) -> 1 | O574: =POWER($C$5,$C574/$B$5) -> 1 | P574: =POWER($C$5,$D574/$B$5) -> 1 | Q574: =POWER($C$6,$B574/$B$6) -> 1 | R574: =POWER($C$6,$C574/$B$6) -> 1 | S574: =POWER($C$6,$D574/$B$6) -> 1 | T574: =POWER($C$7,$B574/$B$7) -> 1 | U574: =POWER($C$7,$C574/$B$7) -> 1 | V574: =POWER($C$7,$D574/$B$7) -> 1
